id,user_id,deck_id,type,front,back,hint,tags,is_pinned,is_archived,linked_card_ids,prerequisite_card_ids,order,created_at,updated_at
fcf3b86a-c299-4964-b229-ea2e11d90305,bd7d53fd-76e2-4330-ab15-0e0a432f7b68,2f083a62-6e92-4f20-a9d9-ba0f78cf72bf,basic,A gene controls a general function — what do its alleles produce?,Specific variant expressions of that function,,[],false,false,[],[],44,2026-07-07 06:09:54.704+00,2026-07-07 06:09:54.704+00
6547f861-3861-4c5d-a151-40707ea8f4a3,bd7d53fd-76e2-4330-ab15-0e0a432f7b68,5c703bdb-7cb7-424c-9746-9c659997b959,basic,A mutation destroys a gene's termination sequence. What is the most direct consequence for transcription?,"RNA polymerase would fail to stop at the correct point, since termination depends on recognising this sequence.",,[],false,false,[],[],45,2026-07-13 16:15:35.957+00,2026-07-13 16:15:35.957+00
d74beb48-3e1f-4ae1-8ad8-fd7eb7d8ed33,bd7d53fd-76e2-4330-ab15-0e0a432f7b68,99d6888b-cfee-4164-8d82-7ffec9d21c46,basic,A point mutation changes a codon but the same amino acid is still produced. What type of mutation is this and why does it occur?,"A silent mutation; it occurs because the genetic code is degenerate, so multiple codons can code for the same amino acid.",,[],false,false,[],[],33,2026-07-13 16:17:39.742+00,2026-07-13 16:17:39.742+00
42bd7ba0-f07e-4428-840a-57f2b237d1e2,bd7d53fd-76e2-4330-ab15-0e0a432f7b68,0baae41f-7ed7-48c8-ac0d-8a5e187171c5,basic,"According to Craig Dietrich, what was the status of Chinese women before the Marriage Law?",Second-class citizens,,[],false,false,[],[],52,2026-07-02 15:04:27.133+00,2026-07-02 15:04:27.133+00
d566e377-4b7d-4bc4-9e84-809f74e7e66c,bd7d53fd-76e2-4330-ab15-0e0a432f7b68,0baae41f-7ed7-48c8-ac0d-8a5e187171c5,basic,"According to Frank Dikotter, what motivated some participants in Speak Bitterness sessions?",Generations of accumulated resentment against those who had oppressed them,,[],false,false,[],[],54,2026-07-02 15:04:27.133+00,2026-07-02 15:04:27.133+00
0d34db91-f4ae-46e2-9e8a-e9447c537ea2,bd7d53fd-76e2-4330-ab15-0e0a432f7b68,0baae41f-7ed7-48c8-ac0d-8a5e187171c5,basic,"According to Jack Gray, what did the Five Antis Campaign represent politically?",An opportunity to pulverise China's capitalist tendencies,,[],false,false,[],[],58,2026-07-02 15:04:27.133+00,2026-07-02 15:04:27.133+00
036a407d-cf9a-4c8b-8f19-ebffa6a7fed2,bd7d53fd-76e2-4330-ab15-0e0a432f7b68,0baae41f-7ed7-48c8-ac0d-8a5e187171c5,basic,"According to Phillip Short, what tension existed at Speak Bitterness sessions?",Peasants who killed landlords with their bare hands vs. passive spectators who never rose up,,[],false,false,[],[],53,2026-07-02 15:04:27.133+00,2026-07-02 15:04:27.133+00
92f4aec5-58e8-4942-85b7-4369f273e744,bd7d53fd-76e2-4330-ab15-0e0a432f7b68,0baae41f-7ed7-48c8-ac0d-8a5e187171c5,basic,"According to Tom Ryan, how was the Korean War received domestically in China?",As a victory for the PRC after a century of humiliating defeats by foreign powers,,[],false,false,[],[],55,2026-07-02 15:04:27.133+00,2026-07-02 15:04:27.133+00
6bd84d81-fb84-4e99-81bb-a4d55b322f2e,bd7d53fd-76e2-4330-ab15-0e0a432f7b68,0baae41f-7ed7-48c8-ac0d-8a5e187171c5,basic,"According to Trevor Sowdon, how does the Three Antis Campaign relate to the Rectification Campaigns?",It was an extension of Mao's Rectification Campaign,,[],false,false,[],[],57,2026-07-02 15:04:27.133+00,2026-07-02 15:04:27.133+00
979988fd-082b-451c-9850-cb872cbcf9da,bd7d53fd-76e2-4330-ab15-0e0a432f7b68,0baae41f-7ed7-48c8-ac0d-8a5e187171c5,basic,"According to Trevor Sowdon, why did Mao tolerate certain classes despite ideological opposition?",He felt obliged to tolerate them earlier in order to maintain continuity and administration,,[],false,false,[],[],56,2026-07-02 15:04:27.133+00,2026-07-02 15:04:27.133+00
a8932484-2f6f-4638-aea2-df853dc57708,bd7d53fd-76e2-4330-ab15-0e0a432f7b68,e7adc0c0-4bfb-46db-ac01-27b6bf9ffe93,basic,Approximate phenotypic ratio from crossing two heterozygous plants?,About 3:1 (dominant:recessive),,[],false,false,[],[],5,2026-07-07 06:10:44.321+00,2026-07-07 06:10:44.321+00
53bd2d73-c202-4912-b1ed-2bb4f5288e90,bd7d53fd-76e2-4330-ab15-0e0a432f7b68,2f083a62-6e92-4f20-a9d9-ba0f78cf72bf,basic,Approximately how many base pairs make up an average gene?,About 3000,,[],false,false,[],[],41,2026-07-07 06:09:54.704+00,2026-07-07 06:09:54.704+00
8c0946d9-476f-491b-a3c3-a1939f8c6744,bd7d53fd-76e2-4330-ab15-0e0a432f7b68,0baae41f-7ed7-48c8-ac0d-8a5e187171c5,basic,Approximately how many landlords were executed during Speak Bitterness sessions?,1.5 million,,[],false,false,[],[],17,2026-07-02 15:04:27.133+00,2026-07-02 15:04:27.133+00
69ddf0de-b746-40ad-8ee2-b0663ac9aaed,bd7d53fd-76e2-4330-ab15-0e0a432f7b68,e7adc0c0-4bfb-46db-ac01-27b6bf9ffe93,basic,Are epigenetic changes due to changes in DNA base sequence?,No,,[],false,false,[],[],45,2026-07-07 06:10:44.321+00,2026-07-07 06:10:44.321+00
b07620e9-4319-4edf-b524-3f7a7e7e1069,bd7d53fd-76e2-4330-ab15-0e0a432f7b68,2f083a62-6e92-4f20-a9d9-ba0f78cf72bf,basic,Are mitochondrial and chloroplast DNA replicated with nuclear DNA or independently?,Independently,,[],false,false,[],[],37,2026-07-07 06:09:54.704+00,2026-07-07 06:09:54.704+00
008554d0-5bcb-4875-b064-8b1a74b4076c,bd7d53fd-76e2-4330-ab15-0e0a432f7b68,2f083a62-6e92-4f20-a9d9-ba0f78cf72bf,basic,Besides cells,where else can RNA serve as genetic material?,,[],false,false,[],[],39,2026-07-07 06:09:54.704+00,2026-07-07 06:09:54.704+00
bc63d74d-7dc0-4d7c-bb63-5e9571444430,bd7d53fd-76e2-4330-ab15-0e0a432f7b68,dfcc751d-6f9c-4265-adea-42f7e95b457a,basic,Between liquid water and solid ice at the same temperature which is more dense?,Liquid water is more dense than solid ice.,,[],false,false,[],[],32,2026-07-13 16:41:28.963+00,2026-07-13 16:41:28.963+00
52a35b1d-c519-4153-8fc8-d3f4556b2c88,bd7d53fd-76e2-4330-ab15-0e0a432f7b68,e7adc0c0-4bfb-46db-ac01-27b6bf9ffe93,basic,Can epigenetic changes be inherited across generations?,Yes,,[],false,false,[],[],46,2026-07-07 06:10:44.321+00,2026-07-07 06:10:44.321+00
3d4db88e-ee90-4fff-808b-64796154582d,bd7d53fd-76e2-4330-ab15-0e0a432f7b68,99d6888b-cfee-4164-8d82-7ffec9d21c46,basic,Compare gene mutations and chromosomal mutations.,"A gene mutation affects the DNA sequence of a single gene, while a chromosomal mutation affects the structure of a whole chromosome.",,[],false,false,[],[],16,2026-07-13 16:17:39.742+00,2026-07-13 16:17:39.742+00
fad887ae-5d30-44d3-80ff-5e7c06d53115,bd7d53fd-76e2-4330-ab15-0e0a432f7b68,99d6888b-cfee-4164-8d82-7ffec9d21c46,basic,Compare missense and nonsense substitutions.,"A missense substitution changes a codon to specify a different amino acid, while a nonsense substitution changes a codon into a premature stop codon.",,[],false,false,[],[],31,2026-07-13 16:17:39.742+00,2026-07-13 16:17:39.742+00
931a1f42-20f7-47d5-90db-44b8dc2070f4,bd7d53fd-76e2-4330-ab15-0e0a432f7b68,99d6888b-cfee-4164-8d82-7ffec9d21c46,basic,Compare the effect of an insertion mutation with a partial reading frame shift on protein function.,"An insertion causes a permanent frame shift affecting all downstream amino acids and usually a non-functional protein, while a partial frame shift only affects amino acids between the insertion and deletion, so some function may be retained.",,[],false,false,[],[],32,2026-07-13 16:17:39.742+00,2026-07-13 16:17:39.742+00
89abc681-8022-44a1-b148-935a2ac6749a,bd7d53fd-76e2-4330-ab15-0e0a432f7b68,5c703bdb-7cb7-424c-9746-9c659997b959,basic,Compare the functions of the 5' cap and the poly-A tail on mRNA.,The 5' cap protects the transcript and helps the ribosome bind for translation; the poly-A tail stabilises the mRNA and allows its transport from the nucleus to the cytosol.,,[],false,false,[],[],26,2026-07-13 16:15:35.957+00,2026-07-13 16:15:35.957+00
f55979c3-739e-422b-83e8-8eb65bc3799b,bd7d53fd-76e2-4330-ab15-0e0a432f7b68,5c703bdb-7cb7-424c-9746-9c659997b959,basic,Compare the reading directions of the template and coding strands.,"The template strand is read 3' to 5', while the coding strand is read 5' to 3'.",,[],false,false,[],[],14,2026-07-13 16:15:35.957+00,2026-07-13 16:15:35.957+00
c0cdbbaa-11b4-40a2-aeb8-6a0611b2ee08,bd7d53fd-76e2-4330-ab15-0e0a432f7b68,2f083a62-6e92-4f20-a9d9-ba0f78cf72bf,basic,Define a purine base structure.,Double-ringed structure,,[],false,false,[],[],28,2026-07-07 06:09:54.704+00,2026-07-07 06:09:54.704+00
0600597e-ea73-4adf-8b2e-92190b1263e6,bd7d53fd-76e2-4330-ab15-0e0a432f7b68,2f083a62-6e92-4f20-a9d9-ba0f78cf72bf,basic,Define a pyrimidine base structure.,Single-ringed structure,,[],false,false,[],[],30,2026-07-07 06:09:54.704+00,2026-07-07 06:09:54.704+00
ed9949c3-2853-42fa-9b70-c7d02cb3ff26,bd7d53fd-76e2-4330-ab15-0e0a432f7b68,2f083a62-6e92-4f20-a9d9-ba0f78cf72bf,basic,Define allele.,An alternative form of a gene,,[],false,false,[],[],42,2026-07-07 06:09:54.704+00,2026-07-07 06:09:54.704+00
04d9c78f-307d-45ca-83b8-78882939dffe,bd7d53fd-76e2-4330-ab15-0e0a432f7b68,e7adc0c0-4bfb-46db-ac01-27b6bf9ffe93,basic,Define allele.,A variant form of a gene,,[],false,false,[],[],11,2026-07-07 06:10:44.321+00,2026-07-07 06:10:44.321+00
7cb136e5-9eab-4889-a9c4-62f1195e679f,bd7d53fd-76e2-4330-ab15-0e0a432f7b68,e7adc0c0-4bfb-46db-ac01-27b6bf9ffe93,basic,Define carrier (genetics).,An organism with one recessive allele that doesn't show the trait,,[],false,false,[],[],26,2026-07-07 06:10:44.321+00,2026-07-07 06:10:44.321+00
13e955a9-0a00-4b67-b127-d46463eae697,bd7d53fd-76e2-4330-ab15-0e0a432f7b68,2f083a62-6e92-4f20-a9d9-ba0f78cf72bf,basic,Define centromere.,The region joining two sister chromatids,,[],false,false,[],[],10,2026-07-07 06:09:54.704+00,2026-07-07 06:09:54.704+00
ad5cfc61-1c3d-40ac-9a72-9b81831ea5b3,bd7d53fd-76e2-4330-ab15-0e0a432f7b68,2f083a62-6e92-4f20-a9d9-ba0f78cf72bf,basic,Define chromatid.,One arm of a replicated chromosome,,[],false,false,[],[],11,2026-07-07 06:09:54.704+00,2026-07-07 06:09:54.704+00
f78a54ee-7c9d-4382-897c-5958558781f9,bd7d53fd-76e2-4330-ab15-0e0a432f7b68,2f083a62-6e92-4f20-a9d9-ba0f78cf72bf,basic,Define chromatin.,DNA packaged with histone proteins in the nucleus,,[],false,false,[],[],2,2026-07-07 06:09:54.704+00,2026-07-07 06:09:54.704+00
67315a79-5712-445f-9cdb-29fb9cf08065,bd7d53fd-76e2-4330-ab15-0e0a432f7b68,2f083a62-6e92-4f20-a9d9-ba0f78cf72bf,basic,Define chromosome.,A tightly coiled bundle of DNA,,[],false,false,[],[],0,2026-07-07 06:09:54.704+00,2026-07-07 06:09:54.704+00
d09e8397-dc33-402a-a33b-82642b116ca5,bd7d53fd-76e2-4330-ab15-0e0a432f7b68,2f083a62-6e92-4f20-a9d9-ba0f78cf72bf,basic,Define conjugation.,Transfer of plasmid DNA between bacteria via a sex pilus,,[],false,false,[],[],17,2026-07-07 06:09:54.704+00,2026-07-07 06:09:54.704+00
b74a1745-6796-4455-a9e7-b70b88c9e816,bd7d53fd-76e2-4330-ab15-0e0a432f7b68,e7adc0c0-4bfb-46db-ac01-27b6bf9ffe93,basic,Define epigenetics.,Study of changes in gene expression without altering the DNA sequence,,[],false,false,[],[],44,2026-07-07 06:10:44.321+00,2026-07-07 06:10:44.321+00
bad66a2d-20d7-4d52-8337-db11788fe8d0,bd7d53fd-76e2-4330-ab15-0e0a432f7b68,2f083a62-6e92-4f20-a9d9-ba0f78cf72bf,basic,Define gene.,A sequence of bases on a chromosome that codes for a specific protein,,[],false,false,[],[],40,2026-07-07 06:09:54.704+00,2026-07-07 06:09:54.704+00
91285d7f-5c29-4a81-a215-083f1400bd5f,bd7d53fd-76e2-4330-ab15-0e0a432f7b68,2f083a62-6e92-4f20-a9d9-ba0f78cf72bf,basic,Define genome.,The complete set of genetic information in an organism,,[],false,false,[],[],45,2026-07-07 06:09:54.704+00,2026-07-07 06:09:54.704+00
de1eb255-cdfc-439f-b099-9e84cbf42fe7,bd7d53fd-76e2-4330-ab15-0e0a432f7b68,e7adc0c0-4bfb-46db-ac01-27b6bf9ffe93,basic,Define genotype.,The genetic makeup (alleles) carried by an organism,,[],false,false,[],[],12,2026-07-07 06:10:44.321+00,2026-07-07 06:10:44.321+00
acbd1d94-16fe-431b-b4e9-e4f1c3a39495,bd7d53fd-76e2-4330-ab15-0e0a432f7b68,e7adc0c0-4bfb-46db-ac01-27b6bf9ffe93,basic,Define hemizygous genotype.,Having only one allele for a gene (occurs in males for X/Y-linked genes),,[],false,false,[],[],21,2026-07-07 06:10:44.321+00,2026-07-07 06:10:44.321+00
de57c86f-04db-4232-b022-53d316cafffd,bd7d53fd-76e2-4330-ab15-0e0a432f7b68,e7adc0c0-4bfb-46db-ac01-27b6bf9ffe93,basic,Define heterozygous.,Two different alleles for a gene,,[],false,false,[],[],15,2026-07-07 06:10:44.321+00,2026-07-07 06:10:44.321+00
441bf2ab-ae2f-4587-903b-1d1bf9c353e4,bd7d53fd-76e2-4330-ab15-0e0a432f7b68,e7adc0c0-4bfb-46db-ac01-27b6bf9ffe93,basic,Define homozygous.,Two identical alleles for a gene,,[],false,false,[],[],14,2026-07-07 06:10:44.321+00,2026-07-07 06:10:44.321+00
689d4fa4-a114-47ac-9582-6141cf135132,bd7d53fd-76e2-4330-ab15-0e0a432f7b68,e7adc0c0-4bfb-46db-ac01-27b6bf9ffe93,basic,Define phenotype.,The observable physical properties of an organism,,[],false,false,[],[],13,2026-07-07 06:10:44.321+00,2026-07-07 06:10:44.321+00
a772fd1b-3001-4666-a1e0-088bd3971112,bd7d53fd-76e2-4330-ab15-0e0a432f7b68,2f083a62-6e92-4f20-a9d9-ba0f78cf72bf,basic,Define plasmid.,A small accessory circular DNA molecule in bacteria,,[],false,false,[],[],15,2026-07-07 06:09:54.704+00,2026-07-07 06:09:54.704+00
08ecb102-ef81-48b4-b1c1-55211da49823,bd7d53fd-76e2-4330-ab15-0e0a432f7b68,2f083a62-6e92-4f20-a9d9-ba0f78cf72bf,basic,Do bacteria have membrane-bound organelles?,No,,[],false,false,[],[],12,2026-07-07 06:09:54.704+00,2026-07-07 06:09:54.704+00
1ad4dd5a-2376-4f25-933a-1451ee42ae4a,bd7d53fd-76e2-4330-ab15-0e0a432f7b68,2f083a62-6e92-4f20-a9d9-ba0f78cf72bf,basic,Do closely related species always have similar chromosome numbers?,"No, numbers can differ markedly (e.g. human 46, chimpanzee 48)",,[],false,false,[],[],20,2026-07-07 06:09:54.704+00,2026-07-07 06:09:54.704+00
2a2248c6-dfed-466e-822a-19cf567b9392,bd7d53fd-76e2-4330-ab15-0e0a432f7b68,2f083a62-6e92-4f20-a9d9-ba0f78cf72bf,basic,Do plasmids replicate independently of the main bacterial chromosome?,Yes,,[],false,false,[],[],16,2026-07-07 06:09:54.704+00,2026-07-07 06:09:54.704+00
8ab99f4b-fbb7-4453-99bc-3357d300bfea,bd7d53fd-76e2-4330-ab15-0e0a432f7b68,e7adc0c0-4bfb-46db-ac01-27b6bf9ffe93,basic,Dominant vs recessive pod colour in Mendel's peas?,Green dominant,,[],false,false,[],[],9,2026-07-07 06:10:44.321+00,2026-07-07 06:10:44.321+00
0abfe60d-7c40-4cde-abd8-f42c8f95179b,bd7d53fd-76e2-4330-ab15-0e0a432f7b68,e7adc0c0-4bfb-46db-ac01-27b6bf9ffe93,basic,Dominant vs recessive pod shape in Mendel's peas?,Inflated dominant,,[],false,false,[],[],8,2026-07-07 06:10:44.321+00,2026-07-07 06:10:44.321+00
74048666-2b97-433c-9eb7-a322de467826,bd7d53fd-76e2-4330-ab15-0e0a432f7b68,e7adc0c0-4bfb-46db-ac01-27b6bf9ffe93,basic,Dominant vs recessive seed colour in Mendel's peas?,Yellow dominant,,[],false,false,[],[],7,2026-07-07 06:10:44.321+00,2026-07-07 06:10:44.321+00
379a9711-3140-452d-a1ce-9d858d7088bf,bd7d53fd-76e2-4330-ab15-0e0a432f7b68,e7adc0c0-4bfb-46db-ac01-27b6bf9ffe93,basic,Dominant vs recessive seed shape in Mendel's peas?,Round dominant,,[],false,false,[],[],6,2026-07-07 06:10:44.321+00,2026-07-07 06:10:44.321+00
fc939c2b-af51-4de5-b047-035ef937e3ed,bd7d53fd-76e2-4330-ab15-0e0a432f7b68,e7adc0c0-4bfb-46db-ac01-27b6bf9ffe93,basic,Effect of openly packaged DNA on gene expression?,Genes are active and translated into protein,,[],false,false,[],[],49,2026-07-07 06:10:44.321+00,2026-07-07 06:10:44.321+00
e84f8f10-3a1d-4112-a3c5-43923599fad9,bd7d53fd-76e2-4330-ab15-0e0a432f7b68,e7adc0c0-4bfb-46db-ac01-27b6bf9ffe93,basic,Effect of tightly packaged DNA on gene expression?,Genes are silenced,,[],false,false,[],[],48,2026-07-07 06:10:44.321+00,2026-07-07 06:10:44.321+00
ae92644e-6c63-436e-9784-999d7d8a3c24,bd7d53fd-76e2-4330-ab15-0e0a432f7b68,99d6888b-cfee-4164-8d82-7ffec9d21c46,basic,"Even if a point mutation changes the amino acid sequence, why might the protein's function be unaffected?",The mutation may be neutral and not disrupt the protein's function.,,[],false,false,[],[],20,2026-07-13 16:17:39.742+00,2026-07-13 16:17:39.742+00
dd74651b-d7e4-40de-8781-48dc90b9db98,bd7d53fd-76e2-4330-ab15-0e0a432f7b68,dfcc751d-6f9c-4265-adea-42f7e95b457a,basic,Explain why the high specific heat capacity and high latent heat of vaporisation of water make it important for regulating the temperature of oceans and living organisms.,Both properties result from water's strong hydrogen bonding which allows water to absorb or release large amounts of heat energy with only small changes in temperature keeping environments and organisms thermally stable.,,[],false,false,[],[],48,2026-07-13 16:41:28.963+00,2026-07-13 16:41:28.963+00
be580cb8-26a8-4f4c-a86b-bf2c3457e2d4,bd7d53fd-76e2-4330-ab15-0e0a432f7b68,e7adc0c0-4bfb-46db-ac01-27b6bf9ffe93,basic,Explain why two organisms with identical DNA sequences can have different phenotypes.,Differential epigenetic silencing (e.g. methylation) changes gene expression without changing the DNA sequence,,[],false,false,[],[],54,2026-07-07 06:10:44.321+00,2026-07-07 06:10:44.321+00
fad6387f-383f-4ff9-a5be-dd70beb2ab66,bd7d53fd-76e2-4330-ab15-0e0a432f7b68,dfcc751d-6f9c-4265-adea-42f7e95b457a,basic,Explain why water has anomalously high melting and boiling points compared to other Group 16 hydrides.,Water molecules are held together by strong hydrogen bonds rather than the much weaker dispersion forces present in the other hydrides so more energy is required to separate the molecules.,,[],false,false,[],[],47,2026-07-13 16:41:28.963+00,2026-07-13 16:41:28.963+00
ddf5339b-b245-4cdb-83a1-8b00e96b1d69,bd7d53fd-76e2-4330-ab15-0e0a432f7b68,99d6888b-cfee-4164-8d82-7ffec9d21c46,basic,Give three examples of diseases caused by harmful gene mutations.,"Sickle-cell disease, cystic fibrosis, and thalassemia.",,[],false,false,[],[],8,2026-07-13 16:17:39.742+00,2026-07-13 16:17:39.742+00
24af4802-ac27-4470-be83-e1456d6afdfb,bd7d53fd-76e2-4330-ab15-0e0a432f7b68,5c703bdb-7cb7-424c-9746-9c659997b959,basic,Give three types of post-translational modification.,"Folding, stability changes, and the addition of markers.",,[],false,false,[],[],41,2026-07-13 16:15:35.957+00,2026-07-13 16:15:35.957+00
a46be20f-216e-43f5-be3b-0e20b06e2662,bd7d53fd-76e2-4330-ab15-0e0a432f7b68,0baae41f-7ed7-48c8-ac0d-8a5e187171c5,basic,How did Mao's view of revolution diverge from Marxist orthodoxy?,"Mao believed in the revolutionary potential of the peasantry, not the urban proletariat",,[],false,false,[],[],10,2026-07-02 15:04:27.133+00,2026-07-02 15:04:27.133+00
55c1a325-20a5-4855-a558-75b11858caee,bd7d53fd-76e2-4330-ab15-0e0a432f7b68,0baae41f-7ed7-48c8-ac0d-8a5e187171c5,basic,How did Stalin's actual involvement compare to what China anticipated?,Stalin refused to get directly involved; China had anticipated far more support than it received,,[],false,false,[],[],43,2026-07-02 15:04:27.133+00,2026-07-02 15:04:27.133+00
48bdf042-3c41-49bb-a937-1ff123db9e12,bd7d53fd-76e2-4330-ab15-0e0a432f7b68,0baae41f-7ed7-48c8-ac0d-8a5e187171c5,basic,How did the Antis Campaigns illustrate the CCP's approach to internal dissent in the early 1950s?,"They used mass mobilisation, public denunciation, and fear (spying, forced confessions, suicides) to eliminate corruption and 'unrevolutionary' elements",,[],false,false,[],[],73,2026-07-02 15:04:27.133+00,2026-07-02 15:04:27.133+00
34b31288-5c6c-414f-b652-3b3b8e11aec2,bd7d53fd-76e2-4330-ab15-0e0a432f7b68,0baae41f-7ed7-48c8-ac0d-8a5e187171c5,basic,How did the Korean War affect domestic morale in China?,"It boosted morale, being framed as the first time in a century China was not defeated by a foreign power",,[],false,false,[],[],51,2026-07-02 15:04:27.133+00,2026-07-02 15:04:27.133+00
546ecc1e-6d84-4850-aae1-c6e6f9b0cbed,bd7d53fd-76e2-4330-ab15-0e0a432f7b68,0baae41f-7ed7-48c8-ac0d-8a5e187171c5,basic,How did the Korean War influence the timing and intensity of the Antis Campaigns?,"The war heightened anti-Western/anti-capitalist sentiment, providing political justification for cracking down on 'unrevolutionary' elements at home",,[],false,false,[],[],68,2026-07-02 15:04:27.133+00,2026-07-02 15:04:27.133+00
2ee8b693-14c0-43ce-b5b7-685f96dc37ba,bd7d53fd-76e2-4330-ab15-0e0a432f7b68,0baae41f-7ed7-48c8-ac0d-8a5e187171c5,basic,How did the Speak Bitterness sessions function as a tool of both social reform and political control?,They redistributed land and status to peasants while eliminating landlords as a class opposed to CCP rule,,[],false,false,[],[],66,2026-07-02 15:04:27.133+00,2026-07-02 15:04:27.133+00
70fc1f1a-2130-4320-9ea5-7eb91fb22125,bd7d53fd-76e2-4330-ab15-0e0a432f7b68,0baae41f-7ed7-48c8-ac0d-8a5e187171c5,basic,How did underestimating American military strength affect China's entry into the Korean War?,"China anticipated a shorter, less costly conflict, but casualties (900,000) far exceeded expectations",,[],false,false,[],[],69,2026-07-02 15:04:27.133+00,2026-07-02 15:04:27.133+00
14a524c1-9fe8-4c57-bb27-04d52dd7d883,bd7d53fd-76e2-4330-ab15-0e0a432f7b68,dfcc751d-6f9c-4265-adea-42f7e95b457a,basic,How do the melting and boiling points of water compare to the other Group 16 hydrides?,Water has significantly higher melting and boiling points than the other Group 16 hydrides.,,[],false,false,[],[],20,2026-07-13 16:41:28.963+00,2026-07-13 16:41:28.963+00
eb632929-29ae-4ff5-ba45-469a683e49c9,bd7d53fd-76e2-4330-ab15-0e0a432f7b68,e7adc0c0-4bfb-46db-ac01-27b6bf9ffe93,basic,How does a CFTR mutation affect the body?,Chloride ions aren't transported properly,,[],false,false,[],[],28,2026-07-07 06:10:44.321+00,2026-07-07 06:10:44.321+00
6c18895a-31ca-4cab-aae2-0f9a11bb64fa,bd7d53fd-76e2-4330-ab15-0e0a432f7b68,99d6888b-cfee-4164-8d82-7ffec9d21c46,basic,How does a harmful mutation typically cause disease at the protein level?,It alters the protein produced from the DNA so that it no longer functions properly or at all.,,[],false,false,[],[],9,2026-07-13 16:17:39.742+00,2026-07-13 16:17:39.742+00
4bd68bf9-dca6-4923-86d0-3de0b9cfab76,bd7d53fd-76e2-4330-ab15-0e0a432f7b68,99d6888b-cfee-4164-8d82-7ffec9d21c46,basic,How does a partial reading frame shift differ from a full insertion frame shift in its effect on the protein?,"Only the amino acids between the insertion and deletion points change, so the protein may retain some biological activity, unlike a full frameshift.",,[],false,false,[],[],30,2026-07-13 16:17:39.742+00,2026-07-13 16:17:39.742+00
b4bb3898-0592-4856-9f22-558d7759a1d3,bd7d53fd-76e2-4330-ab15-0e0a432f7b68,dfcc751d-6f9c-4265-adea-42f7e95b457a,basic,How does hydrogen bonding affect water's melting and boiling points?,It gives water a relatively high melting and boiling point compared to similarly sized molecules.,,[],false,false,[],[],19,2026-07-13 16:41:28.963+00,2026-07-13 16:41:28.963+00
03547185-2c93-4f75-8060-187094970a64,bd7d53fd-76e2-4330-ab15-0e0a432f7b68,e7adc0c0-4bfb-46db-ac01-27b6bf9ffe93,basic,How does methyl group number relate to gene activity?,Active genes have fewer methyl groups than inactive genes,,[],false,false,[],[],51,2026-07-07 06:10:44.321+00,2026-07-07 06:10:44.321+00
62304687-e0e1-46c4-b845-b5192c47baa5,bd7d53fd-76e2-4330-ab15-0e0a432f7b68,dfcc751d-6f9c-4265-adea-42f7e95b457a,basic,How does sweating cool the human body?,As sweat evaporates it absorbs a large amount of heat energy from the skin due to water's high latent heat of vaporisation.,,[],false,false,[],[],44,2026-07-13 16:41:28.963+00,2026-07-13 16:41:28.963+00
b07ada01-988e-42b7-973d-9a5d23c72444,bd7d53fd-76e2-4330-ab15-0e0a432f7b68,0baae41f-7ed7-48c8-ac0d-8a5e187171c5,basic,How does the Three Antis Campaign relate to the Five Antis Campaign?,The Three Antis targeted corruption within the CCP first; the Five Antis then extended similar scrutiny to private industrialists and business owners,,[],false,false,[],[],67,2026-07-02 15:04:27.133+00,2026-07-02 15:04:27.133+00
5f709028-3a89-463d-a9a5-077fc9d6fb84,bd7d53fd-76e2-4330-ab15-0e0a432f7b68,dfcc751d-6f9c-4265-adea-42f7e95b457a,basic,How does water's specific heat capacity compare to other common substances such as metals?,Water's specific heat capacity is much higher than that of metals like copper iron and lead.,,[],false,false,[],[],28,2026-07-13 16:41:28.963+00,2026-07-13 16:41:28.963+00
7762e5d6-597e-4f4c-9b66-de59b83dded3,bd7d53fd-76e2-4330-ab15-0e0a432f7b68,e7adc0c0-4bfb-46db-ac01-27b6bf9ffe93,basic,How is a dominant allele written in genetic notation?,Capital letter,,[],false,false,[],[],18,2026-07-07 06:10:44.321+00,2026-07-07 06:10:44.321+00
d7e5d107-9e95-4701-8f19-04a448f4e32e,bd7d53fd-76e2-4330-ab15-0e0a432f7b68,e7adc0c0-4bfb-46db-ac01-27b6bf9ffe93,basic,How is a recessive allele written in genetic notation?,Lower case letter,,[],false,false,[],[],19,2026-07-07 06:10:44.321+00,2026-07-07 06:10:44.321+00
7d5214aa-0593-414a-a755-aca523628b48,bd7d53fd-76e2-4330-ab15-0e0a432f7b68,e7adc0c0-4bfb-46db-ac01-27b6bf9ffe93,basic,How is an X-linked allele written in genetic notation?,As a superscript on the X (e.g. X^B),,[],false,false,[],[],24,2026-07-07 06:10:44.321+00,2026-07-07 06:10:44.321+00
06349acc-6c99-4628-87e5-7bd1ec5c5d30,bd7d53fd-76e2-4330-ab15-0e0a432f7b68,e7adc0c0-4bfb-46db-ac01-27b6bf9ffe93,basic,How many alleles are present for each of Mendel's traits (with one exception)?,Two — one dominant,,[],false,false,[],[],10,2026-07-07 06:10:44.321+00,2026-07-07 06:10:44.321+00
558a5373-2af4-42a9-9087-517ace73f3d6,bd7d53fd-76e2-4330-ab15-0e0a432f7b68,0baae41f-7ed7-48c8-ac0d-8a5e187171c5,basic,How many businesses were put on trial during the Five Antis Campaign?,"450,000, of which 340,000 were found guilty of capitalist tendencies",,[],false,false,[],[],29,2026-07-02 15:04:27.133+00,2026-07-02 15:04:27.133+00
7da0b198-5747-4446-8d91-31f4fd6e9d89,bd7d53fd-76e2-4330-ab15-0e0a432f7b68,0baae41f-7ed7-48c8-ac0d-8a5e187171c5,basic,"How many Chinese troops were mobilised in the Korean War, according to the textbook?","350,000",,[],false,false,[],[],42,2026-07-02 15:04:27.133+00,2026-07-02 15:04:27.133+00
6d034af3-4ec5-4708-af51-61c593299e4c,bd7d53fd-76e2-4330-ab15-0e0a432f7b68,0baae41f-7ed7-48c8-ac0d-8a5e187171c5,basic,How many North Korean and Chinese soldiers were lost in total during the Korean War?,1.5 million,,[],false,false,[],[],46,2026-07-02 15:04:27.133+00,2026-07-02 15:04:27.133+00
ede6ac38-739a-41c4-aaa7-06ecee55fc38,bd7d53fd-76e2-4330-ab15-0e0a432f7b68,e7adc0c0-4bfb-46db-ac01-27b6bf9ffe93,basic,How many recessive alleles are needed to express a recessive trait?,Two,,[],false,false,[],[],30,2026-07-07 06:10:44.321+00,2026-07-07 06:10:44.321+00
0e5e4736-2715-4e97-942d-cd5925c3a3c7,bd7d53fd-76e2-4330-ab15-0e0a432f7b68,dfcc751d-6f9c-4265-adea-42f7e95b457a,basic,In the equation E = mcΔT what does each variable represent?,"E is heat energy in joules, m is mass in grams, c is specific heat capacity, and ΔT is the change in temperature.",,[],false,false,[],[],30,2026-07-13 16:41:28.963+00,2026-07-13 16:41:28.963+00
9e7b156d-5325-495e-a19e-6c8f80bc3331,bd7d53fd-76e2-4330-ab15-0e0a432f7b68,dfcc751d-6f9c-4265-adea-42f7e95b457a,basic,In the equation q = n × L what does each variable represent?,"q is heat energy in kJ, n is the number of moles, and L is the latent heat of fusion or vaporisation in kJ/mol.",,[],false,false,[],[],42,2026-07-13 16:41:28.963+00,2026-07-13 16:41:28.963+00
b0919dba-1c64-4aac-a9c8-e638545d2680,bd7d53fd-76e2-4330-ab15-0e0a432f7b68,5c703bdb-7cb7-424c-9746-9c659997b959,basic,In which cell compartment does RNA processing occur?,The nucleus.,,[],false,false,[],[],20,2026-07-13 16:15:35.957+00,2026-07-13 16:15:35.957+00
4928dbf3-a2ec-43aa-90d7-f8450ba5b4e1,bd7d53fd-76e2-4330-ab15-0e0a432f7b68,5c703bdb-7cb7-424c-9746-9c659997b959,basic,In which cell compartment does transcription take place?,The nucleus.,,[],false,false,[],[],8,2026-07-13 16:15:35.957+00,2026-07-13 16:15:35.957+00
624feca2-86b0-4a87-8ecb-90b3bd8727f9,bd7d53fd-76e2-4330-ab15-0e0a432f7b68,5c703bdb-7cb7-424c-9746-9c659997b959,basic,In which direction is mRNA read during translation?,5' to 3'.,,[],false,false,[],[],31,2026-07-13 16:15:35.957+00,2026-07-13 16:15:35.957+00
2aeaa136-35e1-4b3d-bc5e-e640a556367d,bd7d53fd-76e2-4330-ab15-0e0a432f7b68,5c703bdb-7cb7-424c-9746-9c659997b959,basic,In which direction is mRNA synthesised during transcription?,5' to 3'.,,[],false,false,[],[],9,2026-07-13 16:15:35.957+00,2026-07-13 16:15:35.957+00
4917d627-4d52-4701-96e2-f6539f296751,bd7d53fd-76e2-4330-ab15-0e0a432f7b68,5c703bdb-7cb7-424c-9746-9c659997b959,basic,In which direction is the template strand read during transcription?,3' to 5'.,,"[""important""]",false,false,[],[],10,2026-07-13 16:15:35.957+00,2026-07-13 16:16:45.448+00
ac521000-1d19-4eb5-922c-bb276179e8fe,bd7d53fd-76e2-4330-ab15-0e0a432f7b68,e7adc0c0-4bfb-46db-ac01-27b6bf9ffe93,basic,Is normal mucus production in CF a dominant or recessive trait?,Dominant,,[],false,false,[],[],29,2026-07-07 06:10:44.321+00,2026-07-07 06:10:44.321+00
5364eeb7-28f1-444a-8690-78b1075f26c4,bd7d53fd-76e2-4330-ab15-0e0a432f7b68,99d6888b-cfee-4164-8d82-7ffec9d21c46,basic,List the examples of mutagens given.,"Radiation (e.g. UV rays), viruses, microorganisms, poisons, and alcohol and diet.",,[],false,false,[],[],7,2026-07-13 16:17:39.742+00,2026-07-13 16:17:39.742+00
43b5f815-5d13-44c4-aa55-752ec0ce2c73,bd7d53fd-76e2-4330-ab15-0e0a432f7b68,99d6888b-cfee-4164-8d82-7ffec9d21c46,basic,List three ways a harmful mutation may cause an observable change in an organism.,"Physiology, anatomy, and behaviour.",,[],false,false,[],[],3,2026-07-13 16:17:39.742+00,2026-07-13 16:17:39.742+00
f3a56a48-aa22-40e7-ae98-97e4c33902cc,bd7d53fd-76e2-4330-ab15-0e0a432f7b68,2f083a62-6e92-4f20-a9d9-ba0f78cf72bf,basic,Name one similarity between histones and nucleosomes.,Both are components of chromatin involved in DNA packaging,,[],false,false,[],[],5,2026-07-07 06:09:54.704+00,2026-07-07 06:09:54.704+00
3da25c62-fb89-4f4e-b7d5-7d70914a463c,bd7d53fd-76e2-4330-ab15-0e0a432f7b68,2f083a62-6e92-4f20-a9d9-ba0f78cf72bf,basic,Name the three components of a nucleotide.,Sugar,,[],false,false,[],[],22,2026-07-07 06:09:54.704+00,2026-07-07 06:09:54.704+00
1a7cca73-a27c-4804-89ca-8d2b11ef3e9f,bd7d53fd-76e2-4330-ab15-0e0a432f7b68,2f083a62-6e92-4f20-a9d9-ba0f78cf72bf,basic,Name the three types of RNA.,"tRNA, mRNA, rRNA",,[],false,false,[],[],38,2026-07-07 06:09:54.704+00,2026-07-07 06:09:54.704+00
87d82aa1-ce36-413a-b43a-7de05c9ed4c9,bd7d53fd-76e2-4330-ab15-0e0a432f7b68,e7adc0c0-4bfb-46db-ac01-27b6bf9ffe93,basic,Name two epigenetic mechanisms that alter gene expression.,DNA methylation and histone modification,,[],false,false,[],[],52,2026-07-07 06:10:44.321+00,2026-07-07 06:10:44.321+00
4de726df-2f7a-47b0-8ffc-f9b7a87961f5,bd7d53fd-76e2-4330-ab15-0e0a432f7b68,2f083a62-6e92-4f20-a9d9-ba0f78cf72bf,basic,Name two ways bacterial chromosomes differ from eukaryotic chromosomes.,"Circular, not packaged with histones, and not contained in a nucleus",,[],false,false,[],[],19,2026-07-07 06:09:54.704+00,2026-07-07 06:09:54.704+00
411df30f-764b-4ff0-aa9f-6da3168fe63f,bd7d53fd-76e2-4330-ab15-0e0a432f7b68,2f083a62-6e92-4f20-a9d9-ba0f78cf72bf,basic,Predict a consequence of a mutation in the histone-coding gene.,DNA could not be coiled/packaged properly into chromosomes,,[],false,false,[],[],48,2026-07-07 06:09:54.704+00,2026-07-07 06:09:54.704+00
14575a8f-757e-4dab-83d2-a925ec287662,bd7d53fd-76e2-4330-ab15-0e0a432f7b68,e7adc0c0-4bfb-46db-ac01-27b6bf9ffe93,basic,Predict the offspring ratio from a monohybrid cross of two heterozygotes.,3 dominant : 1 recessive phenotype,,[],false,false,[],[],53,2026-07-07 06:10:44.321+00,2026-07-07 06:10:44.321+00
37fdb8e0-3c46-4c7a-af82-40d0baacb3aa,bd7d53fd-76e2-4330-ab15-0e0a432f7b68,2f083a62-6e92-4f20-a9d9-ba0f78cf72bf,basic,Role of the phosphate group in a DNA strand?,Links neighbouring sugars together,,[],false,false,[],[],25,2026-07-07 06:09:54.704+00,2026-07-07 06:09:54.704+00
0171c550-0114-40fa-9409-550df4b15529,bd7d53fd-76e2-4330-ab15-0e0a432f7b68,5c703bdb-7cb7-424c-9746-9c659997b959,basic,Sequence the four major stages of protein synthesis in order.,"Transcription, RNA processing, translation, then post-translational modification.",,[],false,false,[],[],44,2026-07-13 16:15:35.957+00,2026-07-13 16:15:35.957+00
04dcd883-78e4-4bf6-bc40-571f7e7f057a,bd7d53fd-76e2-4330-ab15-0e0a432f7b68,0baae41f-7ed7-48c8-ac0d-8a5e187171c5,basic,Sequence: Order the Antis Campaigns and Korean War ceasefire chronologically.,Ceasefire in Korea (July 1951) → Three Antis launched (November 1951) → Five Antis launched (January 1952),,[],false,false,[],[],63,2026-07-02 15:04:27.133+00,2026-07-02 15:04:27.133+00
b130f46b-097a-422b-a030-fe9941b46a11,bd7d53fd-76e2-4330-ab15-0e0a432f7b68,0baae41f-7ed7-48c8-ac0d-8a5e187171c5,basic,"Sequence: Order these 1950 events chronologically — Marriage Law, Agrarian Reform Law, North Korea crosses 38th Parallel, Mao decides to intervene in Korea.","Marriage Law (May) → Agrarian Reform Law (June 28) → North Korea crosses 38th Parallel (June 5)* → Mao decides to intervene (October 8) [*NB: textbook lists 38th Parallel crossing as 5 June, before the Agrarian Reform Law]",,[],false,false,[],[],62,2026-07-02 15:04:27.133+00,2026-07-02 15:04:27.133+00
8a8325b0-3b03-422a-91f3-4ad8e9f992b6,bd7d53fd-76e2-4330-ab15-0e0a432f7b68,0baae41f-7ed7-48c8-ac0d-8a5e187171c5,basic,"Synthesis: How do Land Reform, the Marriage Law, and the Antis Campaigns collectively show Mao's method of consolidating power (1949–52)?","Mao paired popular social reforms that built genuine support (land, marriage rights) with coercive campaigns (Speak Bitterness, Three/Five Antis) that eliminated rival classes and enforced loyalty through fear",,[],false,false,[],[],74,2026-07-02 15:04:27.133+00,2026-07-02 15:04:27.133+00
a3f0b8e5-5e66-4bec-bd55-217c7dee6704,bd7d53fd-76e2-4330-ab15-0e0a432f7b68,0baae41f-7ed7-48c8-ac0d-8a5e187171c5,basic,To what extent was the Korean War a domestic success despite its human cost?,"It boosted national morale and international standing, but cost 900,000 casualties and revealed China's reliance on, and vulnerability without, Soviet support",,[],false,false,[],[],72,2026-07-02 15:04:27.133+00,2026-07-02 15:04:27.133+00
6ed25284-01f0-4100-869f-0baf6e745614,bd7d53fd-76e2-4330-ab15-0e0a432f7b68,0baae41f-7ed7-48c8-ac0d-8a5e187171c5,basic,"Using your own knowledge, explain why Mao decided to intervene militarily in the Korean War in October 1950.","Mao feared a hostile, U.S.-backed Korea on China's border at the Yalu River and sought to protect revolutionary legitimacy against imperialist encroachment",,[],false,false,[],[],70,2026-07-02 15:04:27.133+00,2026-07-02 15:04:27.133+00
276dedaf-fbb8-42a4-8ada-cb3723e68b6f,bd7d53fd-76e2-4330-ab15-0e0a432f7b68,0baae41f-7ed7-48c8-ac0d-8a5e187171c5,basic,"Using your own knowledge, explain why the Speak Bitterness campaigns were an effective tool of the land reform process.","They mobilised peasants emotionally and physically to seize land and eliminate landlords, embedding the CCP's authority at the local level",,[],false,false,[],[],71,2026-07-02 15:04:27.133+00,2026-07-02 15:04:27.133+00
8986095b-fe64-48d6-aa1e-2abdca6013d2,bd7d53fd-76e2-4330-ab15-0e0a432f7b68,2f083a62-6e92-4f20-a9d9-ba0f78cf72bf,basic,What 3D shape does the DNA molecule twist into?,A double helix,,[],false,false,[],[],35,2026-07-07 06:09:54.704+00,2026-07-07 06:09:54.704+00
013b893b-1884-4694-b794-7824697a3532,bd7d53fd-76e2-4330-ab15-0e0a432f7b68,e7adc0c0-4bfb-46db-ac01-27b6bf9ffe93,basic,What are epigenetic factors?,External factors that act on DNA to permanently switch genes on or off,,[],false,false,[],[],47,2026-07-07 06:10:44.321+00,2026-07-07 06:10:44.321+00
a46167c5-a604-4787-b800-28de2c88ab85,bd7d53fd-76e2-4330-ab15-0e0a432f7b68,5c703bdb-7cb7-424c-9746-9c659997b959,basic,What are exons?,Coding sections of a gene that are joined together and exit the nucleus.,,[],false,false,[],[],22,2026-07-13 16:15:35.957+00,2026-07-13 16:15:35.957+00
b6397b56-1559-42da-9f7a-db3f5904a060,bd7d53fd-76e2-4330-ab15-0e0a432f7b68,5c703bdb-7cb7-424c-9746-9c659997b959,basic,What are introns?,Non-coding sections of a gene that are removed during RNA processing.,,[],false,false,[],[],21,2026-07-13 16:15:35.957+00,2026-07-13 16:15:35.957+00
b218d185-48ad-4735-83da-ff1bc07d8b96,bd7d53fd-76e2-4330-ab15-0e0a432f7b68,dfcc751d-6f9c-4265-adea-42f7e95b457a,basic,What are the four main stages of the water cycle in order?,Evaporation transpiration condensation and precipitation.,,[],false,false,[],[],2,2026-07-13 16:41:28.963+00,2026-07-13 16:41:28.963+00
1a85daee-9fcb-4b36-99e1-e37b84d9108e,bd7d53fd-76e2-4330-ab15-0e0a432f7b68,dfcc751d-6f9c-4265-adea-42f7e95b457a,basic,What are the main sources of potable water?,"Protected river catchments, rivers or lakes, groundwater, collected rainwater, desalinated seawater, and reservoirs.",,[],false,false,[],[],12,2026-07-13 16:41:28.963+00,2026-07-13 16:41:28.963+00
fb348ce9-c646-47d9-ac5d-3d2d1f4e13a0,bd7d53fd-76e2-4330-ab15-0e0a432f7b68,2f083a62-6e92-4f20-a9d9-ba0f78cf72bf,basic,What can conjugative plasmids transfer between bacteria?,Antibiotic resistance genes,,[],false,false,[],[],18,2026-07-07 06:09:54.704+00,2026-07-07 06:09:54.704+00
c4e363cb-fda1-4e84-a002-66b1bed209ab,bd7d53fd-76e2-4330-ab15-0e0a432f7b68,99d6888b-cfee-4164-8d82-7ffec9d21c46,basic,What can result from a point mutation at the protein level?,A new sequence of amino acids in the protein.,,[],false,false,[],[],18,2026-07-13 16:17:39.742+00,2026-07-13 16:17:39.742+00
6a04f983-dd76-4647-9a41-622d1c17b4f9,bd7d53fd-76e2-4330-ab15-0e0a432f7b68,5c703bdb-7cb7-424c-9746-9c659997b959,basic,What causes a peptide bond to form during translation elongation?,The alignment of adjacent amino acid-tRNA complexes at the ribosome.,,[],false,false,[],[],37,2026-07-13 16:15:35.957+00,2026-07-13 16:15:35.957+00
52b30217-665a-4ecf-bf07-7c097ef11176,bd7d53fd-76e2-4330-ab15-0e0a432f7b68,dfcc751d-6f9c-4265-adea-42f7e95b457a,basic,What causes the unique low-density arrangement of molecules in ice?,The geometric arrangement of water molecules held in place by hydrogen bonding.,,[],false,false,[],[],34,2026-07-13 16:41:28.963+00,2026-07-13 16:41:28.963+00
08997cac-2e23-4297-83b9-41ff9e782ea1,bd7d53fd-76e2-4330-ab15-0e0a432f7b68,0baae41f-7ed7-48c8-ac0d-8a5e187171c5,basic,What Chinese casualty figure is given for the Korean War?,"900,000 soldiers missing, wounded, or killed",,[],false,false,[],[],44,2026-07-02 15:04:27.133+00,2026-07-02 15:04:27.133+00
9eb862e9-5fef-423d-b80c-42dd57c20d5c,bd7d53fd-76e2-4330-ab15-0e0a432f7b68,e7adc0c0-4bfb-46db-ac01-27b6bf9ffe93,basic,What colour do hydrangea blooms turn in acidic soil?,Bright blue,,[],false,false,[],[],39,2026-07-07 06:10:44.321+00,2026-07-07 06:10:44.321+00
3ab9db1b-bd60-482f-ba97-3553ee75e937,bd7d53fd-76e2-4330-ab15-0e0a432f7b68,e7adc0c0-4bfb-46db-ac01-27b6bf9ffe93,basic,What colour do hydrangea blooms turn in alkaline soil?,Pink or red,,[],false,false,[],[],40,2026-07-07 06:10:44.321+00,2026-07-07 06:10:44.321+00
52b43e00-9a86-4af4-b06c-ab39a5f73b31,bd7d53fd-76e2-4330-ab15-0e0a432f7b68,0baae41f-7ed7-48c8-ac0d-8a5e187171c5,basic,What culture developed as a result of the Antis Campaigns?,"A culture of spying, with people reporting on co-workers, family, neighbours, and bosses",,[],false,false,[],[],30,2026-07-02 15:04:27.133+00,2026-07-02 15:04:27.133+00
c54294de-ca5a-4754-9294-8682fa8e6199,bd7d53fd-76e2-4330-ab15-0e0a432f7b68,e7adc0c0-4bfb-46db-ac01-27b6bf9ffe93,basic,What did Mendel show about the nature of inheritance (vs the old blending idea)?,Particulate — traits are discrete units,,[],false,false,[],[],2,2026-07-07 06:10:44.321+00,2026-07-07 06:10:44.321+00
42f11d2a-86cc-421a-b879-2ce8ca5d15c6,bd7d53fd-76e2-4330-ab15-0e0a432f7b68,0baae41f-7ed7-48c8-ac0d-8a5e187171c5,basic,What did the Agrarian Reform Law formalise?,The redistribution of land from landlords to peasants,,[],false,false,[],[],12,2026-07-02 15:04:27.133+00,2026-07-02 15:04:27.133+00
8ba13575-eace-4b94-b17c-973c4af18938,bd7d53fd-76e2-4330-ab15-0e0a432f7b68,0baae41f-7ed7-48c8-ac0d-8a5e187171c5,basic,What did the Sino-Soviet Treaty of Friendship provide China?,"A US$300 million loan and 10,000 Soviet experts",,[],false,false,[],[],7,2026-07-02 15:04:27.133+00,2026-07-02 15:04:27.133+00
0e86c3d2-9d2e-435b-ad5f-c397f2d130c3,bd7d53fd-76e2-4330-ab15-0e0a432f7b68,0baae41f-7ed7-48c8-ac0d-8a5e187171c5,basic,What did Zhou Enlai's 'kicked in the teeth' quote convey about the Speak Bitterness campaigns?,Peasants would bring food to landlords' hands as the new revolutionary order that oppressed spectators could not ignore,,[],false,false,[],[],60,2026-07-02 15:04:27.133+00,2026-07-02 15:04:27.133+00
1af04c59-8dbb-43ef-a9bd-843d071fce51,bd7d53fd-76e2-4330-ab15-0e0a432f7b68,e7adc0c0-4bfb-46db-ac01-27b6bf9ffe93,basic,What does genotype provide toward phenotype?,Genetic potential — a possible phenotype,,[],false,false,[],[],33,2026-07-07 06:10:44.321+00,2026-07-07 06:10:44.321+00
63f6bfc8-0c3a-4e20-bd21-eba249408a3c,bd7d53fd-76e2-4330-ab15-0e0a432f7b68,5c703bdb-7cb7-424c-9746-9c659997b959,basic,What does it mean for the genetic code to be a triplet code?,Each amino acid is specified by a sequence of three nucleotide bases.,,[],false,false,[],[],1,2026-07-13 16:15:35.957+00,2026-07-13 16:15:35.957+00
fb517862-6cc8-4866-b971-6ae80780b324,bd7d53fd-76e2-4330-ab15-0e0a432f7b68,5c703bdb-7cb7-424c-9746-9c659997b959,basic,What does it mean for the genetic code to be described as degenerate?,Most amino acids are coded for by more than one different codon.,,[],false,false,[],[],2,2026-07-13 16:15:35.957+00,2026-07-13 16:15:35.957+00
2f521a90-5e94-48a7-8813-6a9b13f5ba79,bd7d53fd-76e2-4330-ab15-0e0a432f7b68,0baae41f-7ed7-48c8-ac0d-8a5e187171c5,basic,What does Mao's quote 'Women hold up half the sky' represent?,"CCP rhetoric promoting gender equality in all spheres of political, economic, social, and family life",,[],false,false,[],[],59,2026-07-02 15:04:27.133+00,2026-07-02 15:04:27.133+00
4e666b92-642f-4b69-b913-2150ec27cbfa,bd7d53fd-76e2-4330-ab15-0e0a432f7b68,dfcc751d-6f9c-4265-adea-42f7e95b457a,basic,What does specific heat capacity measure?,The quantity of energy in joules needed to increase the temperature of 1 gram of a substance by 1°C.,,[],false,false,[],[],25,2026-07-13 16:41:28.963+00,2026-07-13 16:41:28.963+00
38dba264-28a5-495a-b50a-25b5e5637079,bd7d53fd-76e2-4330-ab15-0e0a432f7b68,0baae41f-7ed7-48c8-ac0d-8a5e187171c5,basic,What does the Chinese Constitution's stance on foreign aggression reveal about the era's ideology?,"It framed China as no longer willing to tolerate foreign, economic, cultural, and social aggression",,[],false,false,[],[],61,2026-07-02 15:04:27.133+00,2026-07-02 15:04:27.133+00
1126de57-1e40-4401-a7cd-6db1890c0e23,bd7d53fd-76e2-4330-ab15-0e0a432f7b68,dfcc751d-6f9c-4265-adea-42f7e95b457a,basic,What does the term potable mean?,Safe enough to drink.,,[],false,false,[],[],11,2026-07-13 16:41:28.963+00,2026-07-13 16:41:28.963+00
31f34136-07fb-4397-bf8b-f98510201f94,bd7d53fd-76e2-4330-ab15-0e0a432f7b68,99d6888b-cfee-4164-8d82-7ffec9d21c46,basic,What effect do neutral mutations typically have on survival or reproduction?,Little or no effect.,,[],false,false,[],[],11,2026-07-13 16:17:39.742+00,2026-07-13 16:17:39.742+00
17db36a4-c530-4359-8a5d-e785f3ebc86e,bd7d53fd-76e2-4330-ab15-0e0a432f7b68,e7adc0c0-4bfb-46db-ac01-27b6bf9ffe93,basic,What enzyme causes Siamese cats' colour-point pattern?,A heat-sensitive tyrosinase enzyme,,[],false,false,[],[],41,2026-07-07 06:10:44.321+00,2026-07-07 06:10:44.321+00
e5165ba1-aea3-4d1e-b5cb-e7d257699a4a,bd7d53fd-76e2-4330-ab15-0e0a432f7b68,dfcc751d-6f9c-4265-adea-42f7e95b457a,basic,What equation is used to calculate the heat energy involved in a change of state?,q = n × L.,,[],false,false,[],[],41,2026-07-13 16:41:28.963+00,2026-07-13 16:41:28.963+00
a7eaab3b-0135-4f7e-a54d-d1084ced70cb,bd7d53fd-76e2-4330-ab15-0e0a432f7b68,dfcc751d-6f9c-4265-adea-42f7e95b457a,basic,What equation is used to calculate the heat energy required to change the temperature of a substance?,E = m × c × ΔT.,,[],false,false,[],[],29,2026-07-13 16:41:28.963+00,2026-07-13 16:41:28.963+00
08c3da06-7e87-4e33-8648-91e5ab546db0,bd7d53fd-76e2-4330-ab15-0e0a432f7b68,2f083a62-6e92-4f20-a9d9-ba0f78cf72bf,basic,What form do chromosomes take during interphase?,Single-armed,,[],false,false,[],[],8,2026-07-07 06:09:54.704+00,2026-07-07 06:09:54.704+00
8a37a246-9a1b-47cc-ab07-aadbecb7cc86,bd7d53fd-76e2-4330-ab15-0e0a432f7b68,2f083a62-6e92-4f20-a9d9-ba0f78cf72bf,basic,What form do chromosomes take in a dividing cell?,Double-armed,,[],false,false,[],[],9,2026-07-07 06:09:54.704+00,2026-07-07 06:09:54.704+00
d7e58750-d036-470c-82ec-834bd5c244ea,bd7d53fd-76e2-4330-ab15-0e0a432f7b68,e7adc0c0-4bfb-46db-ac01-27b6bf9ffe93,basic,What happened to some characters across generations in Mendel's peas?,Masked in one generation,,[],false,false,[],[],3,2026-07-07 06:10:44.321+00,2026-07-07 06:10:44.321+00
31b07c34-811b-40f4-b87d-ae98d2ef6927,bd7d53fd-76e2-4330-ab15-0e0a432f7b68,dfcc751d-6f9c-4265-adea-42f7e95b457a,basic,What happens during condensation in the water cycle?,Water vapour (gas) changes into liquid water.,,[],false,false,[],[],4,2026-07-13 16:41:28.963+00,2026-07-13 16:41:28.963+00
461bb11b-8866-47c1-8733-140168af83a2,bd7d53fd-76e2-4330-ab15-0e0a432f7b68,dfcc751d-6f9c-4265-adea-42f7e95b457a,basic,What happens during evaporation in the water cycle?,Liquid water changes into water vapour (gas).,,[],false,false,[],[],3,2026-07-13 16:41:28.963+00,2026-07-13 16:41:28.963+00
11ec120e-82df-47b6-bcc5-fe5c541c3451,bd7d53fd-76e2-4330-ab15-0e0a432f7b68,dfcc751d-6f9c-4265-adea-42f7e95b457a,basic,What happens during precipitation in the water cycle?,Water falls from the atmosphere to Earth's surface as rain snow or hail.,,[],false,false,[],[],5,2026-07-13 16:41:28.963+00,2026-07-13 16:41:28.963+00
0b286833-4014-4eba-9f0d-75532c29ecc5,bd7d53fd-76e2-4330-ab15-0e0a432f7b68,5c703bdb-7cb7-424c-9746-9c659997b959,basic,What happens during the elongation stage of transcription?,"RNA polymerase reads the template strand and adds complementary free RNA nucleotides, forming pre-mRNA.",,[],false,false,[],[],17,2026-07-13 16:15:35.957+00,2026-07-13 16:15:35.957+00
fbf7e13f-7f8c-4dec-8858-7e7328ce93f1,bd7d53fd-76e2-4330-ab15-0e0a432f7b68,5c703bdb-7cb7-424c-9746-9c659997b959,basic,What happens during the elongation stage of translation?,"mRNA feeds through the ribosome as each codon binds a complementary tRNA, and peptide bonds form between the amino acids to build a polypeptide chain.",,[],false,false,[],[],36,2026-07-13 16:15:35.957+00,2026-07-13 16:15:35.957+00
be980e64-d037-431f-8f99-d2818b35d5d9,bd7d53fd-76e2-4330-ab15-0e0a432f7b68,5c703bdb-7cb7-424c-9746-9c659997b959,basic,What happens during the initiation stage of transcription?,"Transcription factors bind the promoter, allowing RNA polymerase to attach and the DNA to unzip by breaking hydrogen bonds.",,[],false,false,[],[],15,2026-07-13 16:15:35.957+00,2026-07-13 16:15:35.957+00
560a2663-01dc-4677-b09a-aa9d5915ea26,bd7d53fd-76e2-4330-ab15-0e0a432f7b68,5c703bdb-7cb7-424c-9746-9c659997b959,basic,What happens during the initiation stage of translation?,"The ribosome binds the 5' end of mRNA, reads until it finds the AUG codon, and tRNA carrying an amino acid binds via its complementary anticodon.",,[],false,false,[],[],34,2026-07-13 16:15:35.957+00,2026-07-13 16:15:35.957+00
6d196355-e602-4e38-a7aa-814ddb7df90f,bd7d53fd-76e2-4330-ab15-0e0a432f7b68,5c703bdb-7cb7-424c-9746-9c659997b959,basic,What happens immediately after translation terminates?,The completed polypeptide chain is released into the cytosol.,,[],false,false,[],[],39,2026-07-13 16:15:35.957+00,2026-07-13 16:15:35.957+00
b363a4a4-bb03-4360-9c20-808e3a2e92fb,bd7d53fd-76e2-4330-ab15-0e0a432f7b68,2f083a62-6e92-4f20-a9d9-ba0f78cf72bf,basic,What happens to DNA when a cell prepares to divide?,Long DNA threads compress into chromosomes,,[],false,false,[],[],1,2026-07-07 06:09:54.704+00,2026-07-07 06:09:54.704+00
4f472d09-77ae-43ad-b97e-019d25d38163,bd7d53fd-76e2-4330-ab15-0e0a432f7b68,5c703bdb-7cb7-424c-9746-9c659997b959,basic,What happens to the pre-mRNA immediately after transcription terminates?,It is released and processed before leaving the nucleus.,,[],false,false,[],[],19,2026-07-13 16:15:35.957+00,2026-07-13 16:15:35.957+00
20180738-ebe8-47f6-a380-13fe8bbb8b69,bd7d53fd-76e2-4330-ab15-0e0a432f7b68,dfcc751d-6f9c-4265-adea-42f7e95b457a,basic,What happens to the strength of dispersion forces going down Group 16 from H2S to H2Po?,The dispersion forces increase in strength.,,[],false,false,[],[],23,2026-07-13 16:41:28.963+00,2026-07-13 16:41:28.963+00
acc8a458-dd65-4023-947d-d7c799441f04,bd7d53fd-76e2-4330-ab15-0e0a432f7b68,dfcc751d-6f9c-4265-adea-42f7e95b457a,basic,What intermolecular force forms between water molecules because water is polar?,Hydrogen bonding.,,[],false,false,[],[],16,2026-07-13 16:41:28.963+00,2026-07-13 16:41:28.963+00
addaa155-c565-4d59-b7c6-7296fd52ef75,bd7d53fd-76e2-4330-ab15-0e0a432f7b68,dfcc751d-6f9c-4265-adea-42f7e95b457a,basic,What intermolecular force holds together the non-water Group 16 hydrides (H2S H2Se H2Te H2Po)?,Dispersion forces.,,[],false,false,[],[],22,2026-07-13 16:41:28.963+00,2026-07-13 16:41:28.963+00
b6042d88-a922-4a72-96e4-a70f6c64c47d,bd7d53fd-76e2-4330-ab15-0e0a432f7b68,0baae41f-7ed7-48c8-ac0d-8a5e187171c5,basic,What international recognition did China gain from the Korean War despite losing the UN Security Council seat to Taiwan?,"Recognition as a powerful, aggressive new member of the international community",,[],false,false,[],[],49,2026-07-02 15:04:27.133+00,2026-07-02 15:04:27.133+00
f6577ef9-283e-4ccd-b702-ef9975878c5e,bd7d53fd-76e2-4330-ab15-0e0a432f7b68,99d6888b-cfee-4164-8d82-7ffec9d21c46,basic,What is a chromosomal mutation?,"A change involving the structure of a chromosome, where sections of the chromosome are altered.",,[],false,false,[],[],14,2026-07-13 16:17:39.742+00,2026-07-13 16:17:39.742+00
a881928f-c9f5-4d29-990c-8c0dafd74960,bd7d53fd-76e2-4330-ab15-0e0a432f7b68,99d6888b-cfee-4164-8d82-7ffec9d21c46,basic,What is a chromosome number mutation?,A change in the number of chromosomes.,,[],false,false,[],[],12,2026-07-13 16:17:39.742+00,2026-07-13 16:17:39.742+00
9ea1d91e-3906-4c34-8dab-47f37aace7d4,bd7d53fd-76e2-4330-ab15-0e0a432f7b68,5c703bdb-7cb7-424c-9746-9c659997b959,basic,What is a codon?,A sequence of three bases on mRNA that codes for a single amino acid.,,[],false,false,[],[],7,2026-07-13 16:15:35.957+00,2026-07-13 16:15:35.957+00
d6c07599-7036-44e9-b3e4-95c941432912,bd7d53fd-76e2-4330-ab15-0e0a432f7b68,99d6888b-cfee-4164-8d82-7ffec9d21c46,basic,What is a gene mutation?,A change affecting the DNA sequence that can form a new allele.,,[],false,false,[],[],15,2026-07-13 16:17:39.742+00,2026-07-13 16:17:39.742+00
6b3d4d15-a2ed-4b34-b397-3c49176d10a8,bd7d53fd-76e2-4330-ab15-0e0a432f7b68,99d6888b-cfee-4164-8d82-7ffec9d21c46,basic,What is a missense substitution?,"A point mutation where a single base is substituted, usually resulting in a different amino acid in the polypeptide chain.",,[],false,false,[],[],22,2026-07-13 16:17:39.742+00,2026-07-13 16:17:39.742+00
7e596dab-9e7b-4f0b-8d68-39f059034a9f,bd7d53fd-76e2-4330-ab15-0e0a432f7b68,99d6888b-cfee-4164-8d82-7ffec9d21c46,basic,What is a mutagen?,An environmental factor that causes a change in DNA.,,[],false,false,[],[],6,2026-07-13 16:17:39.742+00,2026-07-13 16:17:39.742+00
5fe7f47b-1657-4c51-9e85-bbe81beaa9b1,bd7d53fd-76e2-4330-ab15-0e0a432f7b68,99d6888b-cfee-4164-8d82-7ffec9d21c46,basic,What is a mutation?,An alteration in the DNA of chromosomes.,,[],false,false,[],[],0,2026-07-13 16:17:39.742+00,2026-07-13 16:17:39.742+00
46e28ffc-1da9-4271-9a1a-5fd127cc2d51,bd7d53fd-76e2-4330-ab15-0e0a432f7b68,99d6888b-cfee-4164-8d82-7ffec9d21c46,basic,What is a nonsense substitution?,"A point mutation where a single base is substituted, creating a triplet that does not code for an amino acid.",,[],false,false,[],[],24,2026-07-13 16:17:39.742+00,2026-07-13 16:17:39.742+00
a4006615-f254-40c4-8bf7-0d93812fdcc1,bd7d53fd-76e2-4330-ab15-0e0a432f7b68,2f083a62-6e92-4f20-a9d9-ba0f78cf72bf,basic,What is a nucleosome?,A unit of DNA wound around histone proteins,,[],false,false,[],[],4,2026-07-07 06:09:54.704+00,2026-07-07 06:09:54.704+00
a8b14a9a-8419-4a89-91e9-833b41fa46d5,bd7d53fd-76e2-4330-ab15-0e0a432f7b68,99d6888b-cfee-4164-8d82-7ffec9d21c46,basic,What is a partial reading frame shift?,"A mutation where one base is inserted and another deleted at a different location, causing a localised frame shift.",,[],false,false,[],[],29,2026-07-13 16:17:39.742+00,2026-07-13 16:17:39.742+00
9bb93747-5a11-4970-9499-b60f8def8d1b,bd7d53fd-76e2-4330-ab15-0e0a432f7b68,99d6888b-cfee-4164-8d82-7ffec9d21c46,basic,What is a point mutation?,A gene mutation involving a change to a single nucleotide.,,[],false,false,[],[],17,2026-07-13 16:17:39.742+00,2026-07-13 16:17:39.742+00
73d320e5-064f-43f0-bbf2-141b087e0e4d,bd7d53fd-76e2-4330-ab15-0e0a432f7b68,99d6888b-cfee-4164-8d82-7ffec9d21c46,basic,What is a reading frame shift?,"A shift in how the DNA sequence is read into triplets, changing the amino acids produced from the point of mutation onwards.",,[],false,false,[],[],27,2026-07-13 16:17:39.742+00,2026-07-13 16:17:39.742+00
1e2d2069-0672-4b4a-99cf-6c5e6d18a150,bd7d53fd-76e2-4330-ab15-0e0a432f7b68,99d6888b-cfee-4164-8d82-7ffec9d21c46,basic,"What is a silent (neutral) mutation, in general terms?",A mutation that has no observable effect on the organism.,,[],false,false,[],[],1,2026-07-13 16:17:39.742+00,2026-07-13 16:17:39.742+00
bd519d4d-c5bd-4e2a-bc55-731f353bde1a,bd7d53fd-76e2-4330-ab15-0e0a432f7b68,99d6888b-cfee-4164-8d82-7ffec9d21c46,basic,"What is a silent mutation, in terms of its effect on the codon?","A change in DNA where the altered codon still codes for the same amino acid, so the amino acid sequence is unchanged.",,[],false,false,[],[],21,2026-07-13 16:17:39.742+00,2026-07-13 16:17:39.742+00
76416fe2-2439-4a87-9fff-63eb42d2df41,bd7d53fd-76e2-4330-ab15-0e0a432f7b68,99d6888b-cfee-4164-8d82-7ffec9d21c46,basic,What is a spontaneous mutation?,A mutation that arises from errors in DNA replication.,,[],false,false,[],[],4,2026-07-13 16:17:39.742+00,2026-07-13 16:17:39.742+00
964f2509-add2-4625-826a-f878834f4790,bd7d53fd-76e2-4330-ab15-0e0a432f7b68,5c703bdb-7cb7-424c-9746-9c659997b959,basic,What is a triplet (as labelled on the DNA template)?,A sequence of three bases on the DNA template strand corresponding to one amino acid.,,[],false,false,[],[],6,2026-07-13 16:15:35.957+00,2026-07-13 16:15:35.957+00
0fc122bc-ef01-4d8d-8cff-cff201b53be5,bd7d53fd-76e2-4330-ab15-0e0a432f7b68,5c703bdb-7cb7-424c-9746-9c659997b959,basic,What is alternative splicing?,A process where exons from the same pre-mRNA are joined in different combinations to produce different mature mRNAs.,,[],false,false,[],[],28,2026-07-13 16:15:35.957+00,2026-07-13 16:15:35.957+00
894c6a5a-0564-4eae-9b41-73e75447b430,bd7d53fd-76e2-4330-ab15-0e0a432f7b68,5c703bdb-7cb7-424c-9746-9c659997b959,basic,What is an anticodon?,A three-base sequence on tRNA that is complementary to a codon on mRNA.,,[],false,false,[],[],32,2026-07-13 16:15:35.957+00,2026-07-13 16:15:35.957+00
9016ca2c-93c5-4feb-b4d8-768f961d93de,bd7d53fd-76e2-4330-ab15-0e0a432f7b68,99d6888b-cfee-4164-8d82-7ffec9d21c46,basic,What is an induced mutation?,A mutation caused by exposure to a mutagen.,,[],false,false,[],[],5,2026-07-13 16:17:39.742+00,2026-07-13 16:17:39.742+00
a353173b-5387-40cb-bbcc-077863ccf3d6,bd7d53fd-76e2-4330-ab15-0e0a432f7b68,99d6888b-cfee-4164-8d82-7ffec9d21c46,basic,What is an insertion mutation?,"A mutation where a single base is inserted into the DNA sequence, upsetting the reading sequence for all bases after it.",,[],false,false,[],[],26,2026-07-13 16:17:39.742+00,2026-07-13 16:17:39.742+00
c304cb38-64e5-4092-a2b2-6d83315a7661,bd7d53fd-76e2-4330-ab15-0e0a432f7b68,5c703bdb-7cb7-424c-9746-9c659997b959,basic,What is capping in RNA processing?,The addition of a methylated cap to the 5' end of mRNA that prevents digestion and aids translation.,,[],false,false,[],[],24,2026-07-13 16:15:35.957+00,2026-07-13 16:15:35.957+00
524d027d-afa8-4031-bf4f-5f81751dd01e,bd7d53fd-76e2-4330-ab15-0e0a432f7b68,2f083a62-6e92-4f20-a9d9-ba0f78cf72bf,basic,What is DNA composed of?,Nucleotides joined by covalent bonds,,[],false,false,[],[],21,2026-07-07 06:09:54.704+00,2026-07-07 06:09:54.704+00
f71d858e-dac5-4200-bfe1-07668aeac80b,bd7d53fd-76e2-4330-ab15-0e0a432f7b68,e7adc0c0-4bfb-46db-ac01-27b6bf9ffe93,basic,What is DNA methylation?,Addition of methyl tags to DNA that can silence genes,,[],false,false,[],[],50,2026-07-07 06:10:44.321+00,2026-07-07 06:10:44.321+00
3f2dd748-2772-40c8-b3f1-dd6527ea1098,bd7d53fd-76e2-4330-ab15-0e0a432f7b68,5c703bdb-7cb7-424c-9746-9c659997b959,basic,What is gene expression?,"The process of transcription, RNA processing and translation that converts the information in a gene into its functional product.",,[],false,false,[],[],0,2026-07-13 16:15:35.957+00,2026-07-13 16:15:35.957+00
031f11f4-ae54-4d1a-b1a4-cb0aa7122aaa,bd7d53fd-76e2-4330-ab15-0e0a432f7b68,dfcc751d-6f9c-4265-adea-42f7e95b457a,basic,What is hydrogen bonding?,An intermolecular interaction between a hydrogen atom and an oxygen nitrogen or fluorine atom on a neighbouring molecule.,,[],false,false,[],[],17,2026-07-13 16:41:28.963+00,2026-07-13 16:41:28.963+00
108ee993-a433-4c7f-afe2-e2cf7c6e1643,bd7d53fd-76e2-4330-ab15-0e0a432f7b68,dfcc751d-6f9c-4265-adea-42f7e95b457a,basic,What is latent heat of fusion?,The heat energy required to change 1 mole of a substance from a solid to a liquid at its melting point.,,[],false,false,[],[],36,2026-07-13 16:41:28.963+00,2026-07-13 16:41:28.963+00
6859eea2-d82d-4536-8110-6c0a8d949c21,bd7d53fd-76e2-4330-ab15-0e0a432f7b68,dfcc751d-6f9c-4265-adea-42f7e95b457a,basic,What is latent heat of vaporisation?,The heat energy required to change 1 mole of a substance from a liquid to a gas at its boiling point.,,[],false,false,[],[],37,2026-07-13 16:41:28.963+00,2026-07-13 16:41:28.963+00
5bf61ce4-9f1f-4ab6-ac9d-e9db9a08e8bb,bd7d53fd-76e2-4330-ab15-0e0a432f7b68,dfcc751d-6f9c-4265-adea-42f7e95b457a,basic,What is latent heat?,The energy absorbed by a fixed amount of a substance as it changes state without a change in temperature.,,[],false,false,[],[],35,2026-07-13 16:41:28.963+00,2026-07-13 16:41:28.963+00
a3c243e1-d35b-440f-94d0-cb3021f0203c,bd7d53fd-76e2-4330-ab15-0e0a432f7b68,5c703bdb-7cb7-424c-9746-9c659997b959,basic,What is splicing?,"The joining together of exons after introns are removed, catalysed by an enzyme.",,[],false,false,[],[],23,2026-07-13 16:15:35.957+00,2026-07-13 16:15:35.957+00
7b3804cc-8761-4f70-b14a-94eab7ce8894,bd7d53fd-76e2-4330-ab15-0e0a432f7b68,5c703bdb-7cb7-424c-9746-9c659997b959,basic,What is tailing in RNA processing?,The addition of a poly-A tail to the 3' end of mRNA that prevents degradation in the cytoplasm.,,[],false,false,[],[],25,2026-07-13 16:15:35.957+00,2026-07-13 16:15:35.957+00
09c3c11a-6886-4b8a-acb7-050d9d54dbfe,bd7d53fd-76e2-4330-ab15-0e0a432f7b68,5c703bdb-7cb7-424c-9746-9c659997b959,basic,What is the base sequence of a eukaryotic promoter called?,TATA (the TATA box).,,[],false,false,[],[],4,2026-07-13 16:15:35.957+00,2026-07-13 16:15:35.957+00
ceaa6ba7-6433-4630-996d-b0abdd1d535d,bd7d53fd-76e2-4330-ab15-0e0a432f7b68,2f083a62-6e92-4f20-a9d9-ba0f78cf72bf,basic,What is the base-pairing rule between purines and pyrimidines?,Purines always pair with pyrimidines,,[],false,false,[],[],32,2026-07-07 06:09:54.704+00,2026-07-07 06:09:54.704+00
a9551657-a13a-4394-bafd-a71a9a8ab65d,bd7d53fd-76e2-4330-ab15-0e0a432f7b68,5c703bdb-7cb7-424c-9746-9c659997b959,basic,What is the coding strand of DNA?,"The DNA strand with the same base sequence as the mRNA (except thymine replaces uracil), read 5' to 3'.",,[],false,false,[],[],12,2026-07-13 16:15:35.957+00,2026-07-13 16:15:35.957+00
99159a44-451d-4ee7-8e4d-6808ddc5dc90,bd7d53fd-76e2-4330-ab15-0e0a432f7b68,99d6888b-cfee-4164-8d82-7ffec9d21c46,basic,What is the effect of a nonsense mutation on the polypeptide chain?,"The new triplet acts as a premature stop codon, ending polypeptide synthesis early.",,[],false,false,[],[],25,2026-07-13 16:17:39.742+00,2026-07-13 16:17:39.742+00
4fc0ead2-02ed-4f66-96e2-d188f42021e4,bd7d53fd-76e2-4330-ab15-0e0a432f7b68,2f083a62-6e92-4f20-a9d9-ba0f78cf72bf,basic,What is the function of histone proteins?,Coil DNA into tightly packed structures,,[],false,false,[],[],6,2026-07-07 06:09:54.704+00,2026-07-07 06:09:54.704+00
c5fa20ca-33cf-4d11-87b1-1d60b76f1637,bd7d53fd-76e2-4330-ab15-0e0a432f7b68,5c703bdb-7cb7-424c-9746-9c659997b959,basic,What is the key base difference between the coding strand and the mRNA transcript?,mRNA contains uracil instead of the thymine found on the coding strand.,,[],false,false,[],[],13,2026-07-13 16:15:35.957+00,2026-07-13 16:15:35.957+00
a7c1cd27-78bb-4642-8dd3-e802933abefe,bd7d53fd-76e2-4330-ab15-0e0a432f7b68,dfcc751d-6f9c-4265-adea-42f7e95b457a,basic,What is the latent heat of fusion of water?,6.0 kJ/mol.,,[],false,false,[],[],38,2026-07-13 16:41:28.963+00,2026-07-13 16:41:28.963+00
1c0d25fc-1dc3-44f9-b78e-7235552c76dd,bd7d53fd-76e2-4330-ab15-0e0a432f7b68,dfcc751d-6f9c-4265-adea-42f7e95b457a,basic,What is the latent heat of vaporisation of water?,44.0 kJ/mol.,,[],false,false,[],[],39,2026-07-13 16:41:28.963+00,2026-07-13 16:41:28.963+00
b1b72828-e2ff-4cdb-85fe-ed6ea6a31784,bd7d53fd-76e2-4330-ab15-0e0a432f7b68,dfcc751d-6f9c-4265-adea-42f7e95b457a,basic,What is the main source of household water in Australian cities?,Reservoirs fed by rivers.,,[],false,false,[],[],13,2026-07-13 16:41:28.963+00,2026-07-13 16:41:28.963+00
4b2456c1-8a4a-4abf-8a76-a9e6ddee96da,bd7d53fd-76e2-4330-ab15-0e0a432f7b68,5c703bdb-7cb7-424c-9746-9c659997b959,basic,What is the promoter region of a gene?,The binding site on DNA where RNA polymerase attaches to begin transcription.,,[],false,false,[],[],3,2026-07-13 16:15:35.957+00,2026-07-13 16:15:35.957+00
f214c2e3-faf4-4b99-b1c9-e25916019a45,bd7d53fd-76e2-4330-ab15-0e0a432f7b68,5c703bdb-7cb7-424c-9746-9c659997b959,basic,What is the proteome?,The full range of different proteins produced through variation such as post-translational modification.,,[],false,false,[],[],43,2026-07-13 16:15:35.957+00,2026-07-13 16:15:35.957+00
82970158-74fe-445c-b070-0aca87a166c9,bd7d53fd-76e2-4330-ab15-0e0a432f7b68,0baae41f-7ed7-48c8-ac0d-8a5e187171c5,basic,What is the relationship between Land Reform and the CCP's wartime peasant support base?,"Land Reform rewarded the peasantry, the CCP's core Civil War supporters, cementing their loyalty to the new regime",,[],false,false,[],[],64,2026-07-02 15:04:27.133+00,2026-07-02 15:04:27.133+00
f0f91c8d-ec43-4b3b-ada3-55abeb2493dc,bd7d53fd-76e2-4330-ab15-0e0a432f7b68,0baae41f-7ed7-48c8-ac0d-8a5e187171c5,basic,What is the relationship between the Marriage Law and CCP legitimacy?,"It delivered on revolutionary promises of social equality, broadening the CCP's support base beyond the peasantry to women",,[],false,false,[],[],65,2026-07-02 15:04:27.133+00,2026-07-02 15:04:27.133+00
2ea150cc-5050-4cda-a85f-8bce395451ac,bd7d53fd-76e2-4330-ab15-0e0a432f7b68,e7adc0c0-4bfb-46db-ac01-27b6bf9ffe93,basic,What is the role of environmental factors in phenotype?,They act on the organism to produce its unique actual phenotype,,[],false,false,[],[],34,2026-07-07 06:10:44.321+00,2026-07-07 06:10:44.321+00
c490bb02-25bc-410b-86c4-0f01df4d91a2,bd7d53fd-76e2-4330-ab15-0e0a432f7b68,5c703bdb-7cb7-424c-9746-9c659997b959,basic,What is the role of rRNA in translation?,"It forms part of the ribosome, the site where translation occurs.",,[],false,false,[],[],33,2026-07-13 16:15:35.957+00,2026-07-13 16:15:35.957+00
22d9ea03-d24d-4cc1-a28a-967079f7db99,bd7d53fd-76e2-4330-ab15-0e0a432f7b68,5c703bdb-7cb7-424c-9746-9c659997b959,basic,What is the role of transcription factors during initiation?,They bind the promoter region so that RNA polymerase can attach and begin transcription.,,[],false,false,[],[],16,2026-07-13 16:15:35.957+00,2026-07-13 16:15:35.957+00
8bf70ae5-31a6-46ed-b014-c5d91f6f6fe2,bd7d53fd-76e2-4330-ab15-0e0a432f7b68,dfcc751d-6f9c-4265-adea-42f7e95b457a,basic,What is the specific heat capacity of water?,4.18 J g⁻¹ °C⁻¹.,,[],false,false,[],[],27,2026-07-13 16:41:28.963+00,2026-07-13 16:41:28.963+00
c916c7a3-6bb6-4abe-905b-24acd0851876,bd7d53fd-76e2-4330-ab15-0e0a432f7b68,5c703bdb-7cb7-424c-9746-9c659997b959,basic,What is the template strand of DNA?,The DNA strand that is complementary to the mRNA and is read 3' to 5' during transcription.,,[],false,false,[],[],11,2026-07-13 16:15:35.957+00,2026-07-13 16:15:35.957+00
6234551a-065e-4d51-96ca-c27228dc45a1,bd7d53fd-76e2-4330-ab15-0e0a432f7b68,5c703bdb-7cb7-424c-9746-9c659997b959,basic,What is the termination sequence of a gene?,The sequence of bases that signals the end of transcription.,,[],false,false,[],[],5,2026-07-13 16:15:35.957+00,2026-07-13 16:15:35.957+00
fb82e830-ea0c-4a55-a62f-1cebadae3adc,bd7d53fd-76e2-4330-ab15-0e0a432f7b68,dfcc751d-6f9c-4265-adea-42f7e95b457a,basic,What is the water cycle?,The continuous movement of water on Earth as it transitions between solid liquid and gaseous states.,,[],false,false,[],[],1,2026-07-13 16:41:28.963+00,2026-07-13 16:41:28.963+00
01cdb599-659f-4507-8433-ba13de021f80,bd7d53fd-76e2-4330-ab15-0e0a432f7b68,0baae41f-7ed7-48c8-ac0d-8a5e187171c5,basic,What long-term diplomatic consequence did the Korean War have on Sino-American relations?,It fuelled decades of anti-American sentiment in China and anti-Chinese sentiment in the U.S.,,[],false,false,[],[],50,2026-07-02 15:04:27.133+00,2026-07-02 15:04:27.133+00
455d4c66-d6c8-4c5a-9949-e71f23e31ad2,bd7d53fd-76e2-4330-ab15-0e0a432f7b68,dfcc751d-6f9c-4265-adea-42f7e95b457a,basic,What makes water unique compared to every other molecule on Earth?,Water is the only molecule that exists naturally in all three states of matter (solid liquid and gas) at Earth's surface.,,[],false,false,[],[],0,2026-07-13 16:41:28.963+00,2026-07-13 16:41:28.963+00
15c0f362-e66c-48f1-9a0b-c8d8b1243fec,bd7d53fd-76e2-4330-ab15-0e0a432f7b68,e7adc0c0-4bfb-46db-ac01-27b6bf9ffe93,basic,What organism did Mendel use to study inheritance?,Pea plants,,[],false,false,[],[],1,2026-07-07 06:10:44.321+00,2026-07-07 06:10:44.321+00
55513a99-2c34-4594-b914-b742a43c21ad,bd7d53fd-76e2-4330-ab15-0e0a432f7b68,dfcc751d-6f9c-4265-adea-42f7e95b457a,basic,What percentage of all water on Earth is both drinkable and readily accessible?,1%.,,[],false,false,[],[],10,2026-07-13 16:41:28.963+00,2026-07-13 16:41:28.963+00
7f7f7d2f-5b50-4f0a-ac2f-88612a70e62b,bd7d53fd-76e2-4330-ab15-0e0a432f7b68,0baae41f-7ed7-48c8-ac0d-8a5e187171c5,basic,What percentage of China's doctors were women by the 1970s?,Almost 50%,,[],false,false,[],[],20,2026-07-02 15:04:27.133+00,2026-07-02 15:04:27.133+00
a1f000f4-3c6b-47ae-8091-e0e632a40440,bd7d53fd-76e2-4330-ab15-0e0a432f7b68,dfcc751d-6f9c-4265-adea-42f7e95b457a,basic,What percentage of Earth's surface is covered in water?,71%.,,[],false,false,[],[],7,2026-07-13 16:41:28.963+00,2026-07-13 16:41:28.963+00
c6cd35df-02af-4afd-9bb4-72b21e1ac527,bd7d53fd-76e2-4330-ab15-0e0a432f7b68,dfcc751d-6f9c-4265-adea-42f7e95b457a,basic,What percentage of Earth's water is freshwater?,3%.,,[],false,false,[],[],8,2026-07-13 16:41:28.963+00,2026-07-13 16:41:28.963+00
4299504f-3877-4c28-bcb3-ae11ac4d654b,bd7d53fd-76e2-4330-ab15-0e0a432f7b68,0baae41f-7ed7-48c8-ac0d-8a5e187171c5,basic,What percentage of engineers/scientists were women by the 1970s?,30%,,[],false,false,[],[],21,2026-07-02 15:04:27.133+00,2026-07-02 15:04:27.133+00
d3547621-45e8-41f4-8c0f-8569df43a2fa,bd7d53fd-76e2-4330-ab15-0e0a432f7b68,e7adc0c0-4bfb-46db-ac01-27b6bf9ffe93,basic,What phenotype results from a heterozygous CF genotype?,Non-sufferer (carrier) — normal mucus,,[],false,false,[],[],32,2026-07-07 06:10:44.321+00,2026-07-07 06:10:44.321+00
d70d7997-2d01-4329-a034-451978ce5004,bd7d53fd-76e2-4330-ab15-0e0a432f7b68,e7adc0c0-4bfb-46db-ac01-27b6bf9ffe93,basic,What phenotype results from a homozygous recessive CF genotype?,Sufferer — thick mucus,,[],false,false,[],[],31,2026-07-07 06:10:44.321+00,2026-07-07 06:10:44.321+00
fa1b4379-883a-4665-9ebd-f164e7dc208d,bd7d53fd-76e2-4330-ab15-0e0a432f7b68,e7adc0c0-4bfb-46db-ac01-27b6bf9ffe93,basic,What pigment determines hydrangea flower colour?,Anthocyanins,,[],false,false,[],[],38,2026-07-07 06:10:44.321+00,2026-07-07 06:10:44.321+00
6cb188b4-5f4a-46dd-8e93-0ba218bd7344,bd7d53fd-76e2-4330-ab15-0e0a432f7b68,99d6888b-cfee-4164-8d82-7ffec9d21c46,basic,What process causes changes in chromosome number?,Non-disjunction.,,[],false,false,[],[],13,2026-07-13 16:17:39.742+00,2026-07-13 16:17:39.742+00
de42566d-6663-497a-9d2e-1a5b807e8e3d,bd7d53fd-76e2-4330-ab15-0e0a432f7b68,dfcc751d-6f9c-4265-adea-42f7e95b457a,basic,What process is used to turn seawater into fresh drinking water?,Desalination.,,[],false,false,[],[],14,2026-07-13 16:41:28.963+00,2026-07-13 16:41:28.963+00
f8715270-84f2-4aa0-8a00-e0a6aa5866a1,bd7d53fd-76e2-4330-ab15-0e0a432f7b68,0baae41f-7ed7-48c8-ac0d-8a5e187171c5,basic,What proportion of the 1954 National People's Congress were women?,"12% (147 of 1,226 representatives)",,[],false,false,[],[],22,2026-07-02 15:04:27.133+00,2026-07-02 15:04:27.133+00
8c7d392e-1120-4b75-9434-38c284144542,bd7d53fd-76e2-4330-ab15-0e0a432f7b68,0baae41f-7ed7-48c8-ac0d-8a5e187171c5,basic,What role did Party Cadres play in Land Reform?,They were sent to the countryside to organise land redistribution and denounce landlords,,[],false,false,[],[],13,2026-07-02 15:04:27.133+00,2026-07-02 15:04:27.133+00
15476e93-b9f4-4e9c-ac3e-98d592fcd602,bd7d53fd-76e2-4330-ab15-0e0a432f7b68,0baae41f-7ed7-48c8-ac0d-8a5e187171c5,basic,What role did the Soviet Union play in North Korea's invasion?,It supplied military equipment and actively encouraged the invasion,,[],false,false,[],[],36,2026-07-02 15:04:27.133+00,2026-07-02 15:04:27.133+00
496fd6cc-a5de-4066-968f-ff82c9f35498,bd7d53fd-76e2-4330-ab15-0e0a432f7b68,dfcc751d-6f9c-4265-adea-42f7e95b457a,basic,What role does groundwater play in the water cycle?,It allows water that has infiltrated the soil to flow slowly back towards rivers and oceans.,,[],false,false,[],[],6,2026-07-13 16:41:28.963+00,2026-07-13 16:41:28.963+00
1ae2165c-89dd-4534-8b2e-2b82d8b07bf0,bd7d53fd-76e2-4330-ab15-0e0a432f7b68,5c703bdb-7cb7-424c-9746-9c659997b959,basic,What triggers termination of transcription?,"RNA polymerase reaching the termination site, which contains a stop triplet code.",,[],false,false,[],[],18,2026-07-13 16:15:35.957+00,2026-07-13 16:15:35.957+00
a9c544cc-5f8c-4038-aad5-e76d56898924,bd7d53fd-76e2-4330-ab15-0e0a432f7b68,5c703bdb-7cb7-424c-9746-9c659997b959,basic,What triggers termination of translation?,The ribosome reaching a stop codon on the mRNA.,,[],false,false,[],[],38,2026-07-13 16:15:35.957+00,2026-07-13 16:15:35.957+00
061f006e-74c8-40fd-a796-3d91b5ff8845,bd7d53fd-76e2-4330-ab15-0e0a432f7b68,0baae41f-7ed7-48c8-ac0d-8a5e187171c5,basic,What typically happened to landlords after a Speak Bitterness session?,"Most were publicly executed, often by the peasants themselves",,[],false,false,[],[],16,2026-07-02 15:04:27.133+00,2026-07-02 15:04:27.133+00
16e6fe29-3c12-41db-aa65-0822f4f41e5a,bd7d53fd-76e2-4330-ab15-0e0a432f7b68,e7adc0c0-4bfb-46db-ac01-27b6bf9ffe93,basic,What units of inheritance did Mendel's factors turn out to be?,Genes,,[],false,false,[],[],4,2026-07-07 06:10:44.321+00,2026-07-07 06:10:44.321+00
02b8a2af-a736-4e2e-890f-d762b7f8d903,bd7d53fd-76e2-4330-ab15-0e0a432f7b68,0baae41f-7ed7-48c8-ac0d-8a5e187171c5,basic,What was a common consequence of public 'struggle' trials during the Antis Campaigns?,"Many suspects committed suicide, unable to bear public humiliation",,[],false,false,[],[],31,2026-07-02 15:04:27.133+00,2026-07-02 15:04:27.133+00
39778547-f5a1-424e-bcc4-b250744d42cd,bd7d53fd-76e2-4330-ab15-0e0a432f7b68,0baae41f-7ed7-48c8-ac0d-8a5e187171c5,basic,What was signed on 14 February 1950 between China and the USSR?,"The Treaty of Friendship, Alliance and Mutual Assistance",,[],false,false,[],[],6,2026-07-02 15:04:27.133+00,2026-07-02 15:04:27.133+00
f8a8381b-180a-428a-b933-ec5097c76f78,bd7d53fd-76e2-4330-ab15-0e0a432f7b68,0baae41f-7ed7-48c8-ac0d-8a5e187171c5,basic,What was the Five Antis Campaign (Wu Fan)?,"A 1952 campaign targeting tax evasion, fraud, cheating on contracts, theft of government property, and bribery",,[],false,false,[],[],26,2026-07-02 15:04:27.133+00,2026-07-02 15:04:27.133+00
b25f995e-92fc-486a-ad67-bc891ca3e370,bd7d53fd-76e2-4330-ab15-0e0a432f7b68,0baae41f-7ed7-48c8-ac0d-8a5e187171c5,basic,What was the outcome of the Three Antis Campaign?,1 million members were expelled from the CCP,,[],false,false,[],[],25,2026-07-02 15:04:27.133+00,2026-07-02 15:04:27.133+00
33ddeafc-052c-4fdb-a53b-41939246d81b,bd7d53fd-76e2-4330-ab15-0e0a432f7b68,0baae41f-7ed7-48c8-ac0d-8a5e187171c5,basic,What was the purpose of Peasant Associations?,To identify 'counter-revolutionaries' among locals,,[],false,false,[],[],14,2026-07-02 15:04:27.133+00,2026-07-02 15:04:27.133+00
c37e822f-b1d7-415d-8bbf-99c75c62e35d,bd7d53fd-76e2-4330-ab15-0e0a432f7b68,0baae41f-7ed7-48c8-ac0d-8a5e187171c5,basic,What was the Three Antis Campaign (San Fan)?,"A 1951 CCP campaign targeting corruption, waste, and bureaucracy within the Party",,[],false,false,[],[],23,2026-07-02 15:04:27.133+00,2026-07-02 15:04:27.133+00
0ad85c46-3564-4e7a-92ab-ff213510d28c,bd7d53fd-76e2-4330-ab15-0e0a432f7b68,0baae41f-7ed7-48c8-ac0d-8a5e187171c5,basic,What were Speak Bitterness sessions?,Meetings where peasants publicly denounced and criticised landlords who had oppressed them,,[],false,false,[],[],15,2026-07-02 15:04:27.133+00,2026-07-02 15:04:27.133+00
6a78d238-fe8a-4eaf-89c8-6452066a5216,bd7d53fd-76e2-4330-ab15-0e0a432f7b68,0baae41f-7ed7-48c8-ac0d-8a5e187171c5,basic,What were the three echelons of China's new political structure?,"The government, the Party, and the PLA — all dominated by the CCP",,[],false,false,[],[],4,2026-07-02 15:04:27.133+00,2026-07-02 15:04:27.133+00
8da50ad3-175e-4c29-964e-343e30031ab8,bd7d53fd-76e2-4330-ab15-0e0a432f7b68,0baae41f-7ed7-48c8-ac0d-8a5e187171c5,basic,When did Chinese troops cross the Chinese–Korean border?,15 October 1950,,[],false,false,[],[],39,2026-07-02 15:04:27.133+00,2026-07-02 15:04:27.133+00
d34a0779-1c88-470b-813d-ddf0a29541f8,bd7d53fd-76e2-4330-ab15-0e0a432f7b68,0baae41f-7ed7-48c8-ac0d-8a5e187171c5,basic,When did Mao decide to take action in the Korean War?,8 October 1950,,[],false,false,[],[],38,2026-07-02 15:04:27.133+00,2026-07-02 15:04:27.133+00
421e7359-d4b7-4c40-a8e1-9bd4b4fd6a72,bd7d53fd-76e2-4330-ab15-0e0a432f7b68,0baae41f-7ed7-48c8-ac0d-8a5e187171c5,basic,When did North Korean forces cross the 38th Parallel to begin the Korean War?,5 June 1950,,[],false,false,[],[],34,2026-07-02 15:04:27.133+00,2026-07-02 15:04:27.133+00
f0a8cd59-01ea-4b35-933a-2ecf54ef2913,bd7d53fd-76e2-4330-ab15-0e0a432f7b68,0baae41f-7ed7-48c8-ac0d-8a5e187171c5,basic,When did UN-backed U.S. troops force the North Korean army back across the 38th Parallel?,15 September 1950,,[],false,false,[],[],37,2026-07-02 15:04:27.133+00,2026-07-02 15:04:27.133+00
f59ac0e8-7473-4010-be89-409b1d8ba278,bd7d53fd-76e2-4330-ab15-0e0a432f7b68,e7adc0c0-4bfb-46db-ac01-27b6bf9ffe93,basic,When does environment have the greatest effect on phenotype?,When the genotype doesn't rigidly define a fixed phenotype (e.g. skin colour),,[],false,false,[],[],37,2026-07-07 06:10:44.321+00,2026-07-07 06:10:44.321+00
7d1e8e9e-9966-451f-ad18-f187043ee3d1,bd7d53fd-76e2-4330-ab15-0e0a432f7b68,e7adc0c0-4bfb-46db-ac01-27b6bf9ffe93,basic,When is a dominant characteristic expressed?,If the allele is present on one or both chromosomes,,[],false,false,[],[],16,2026-07-07 06:10:44.321+00,2026-07-07 06:10:44.321+00
74a733f1-7445-4caf-9a97-1cbec4dc73ff,bd7d53fd-76e2-4330-ab15-0e0a432f7b68,e7adc0c0-4bfb-46db-ac01-27b6bf9ffe93,basic,When is a recessive characteristic expressed?,Only if present on both chromosomes in the pair,,[],false,false,[],[],17,2026-07-07 06:10:44.321+00,2026-07-07 06:10:44.321+00
33a07413-60c8-4975-b5e5-70b580f60a33,bd7d53fd-76e2-4330-ab15-0e0a432f7b68,99d6888b-cfee-4164-8d82-7ffec9d21c46,basic,When might a base substitution not change the amino acid produced?,"If the third base of a triplet is substituted, degeneracy in the code may mean the amino acid is unchanged.",,[],false,false,[],[],23,2026-07-13 16:17:39.742+00,2026-07-13 16:17:39.742+00
78dd07c7-e85e-4ff4-ad0b-e8678079b67d,bd7d53fd-76e2-4330-ab15-0e0a432f7b68,0baae41f-7ed7-48c8-ac0d-8a5e187171c5,basic,"When was a ceasefire called in the Korean War, and when was the armistice signed?",Ceasefire in early July 1951; armistice signed 27 July,,[],false,false,[],[],48,2026-07-02 15:04:27.133+00,2026-07-02 15:04:27.133+00
5a28278a-f997-4df7-bb34-e3bac135451e,bd7d53fd-76e2-4330-ab15-0e0a432f7b68,0baae41f-7ed7-48c8-ac0d-8a5e187171c5,basic,When was China formally labelled the aggressor in Korea by the UN?,1 February 1951,,[],false,false,[],[],47,2026-07-02 15:04:27.133+00,2026-07-02 15:04:27.133+00
0532f4ca-a898-46ba-904d-54197651fc3a,bd7d53fd-76e2-4330-ab15-0e0a432f7b68,0baae41f-7ed7-48c8-ac0d-8a5e187171c5,basic,When was the Agrarian Reform Law passed?,28 June 1950,,[],false,false,[],[],11,2026-07-02 15:04:27.133+00,2026-07-02 15:04:27.133+00
d1c17d98-1dd3-4b88-86a6-5305dd294af3,bd7d53fd-76e2-4330-ab15-0e0a432f7b68,0baae41f-7ed7-48c8-ac0d-8a5e187171c5,basic,When was the Five Antis Campaign launched?,January 1952,,[],false,false,[],[],27,2026-07-02 15:04:27.133+00,2026-07-02 15:04:27.133+00
b7879a74-8da7-4e40-b600-e4fb8916cf93,bd7d53fd-76e2-4330-ab15-0e0a432f7b68,0baae41f-7ed7-48c8-ac0d-8a5e187171c5,basic,When was the Marriage Law passed and by whom?,"1 May 1950, by Mao",,[],false,false,[],[],18,2026-07-02 15:04:27.133+00,2026-07-02 15:04:27.133+00
d4a332c2-ede0-4eb5-ae5b-c658b4e8827f,bd7d53fd-76e2-4330-ab15-0e0a432f7b68,0baae41f-7ed7-48c8-ac0d-8a5e187171c5,basic,When was the People's Republic of China proclaimed?,1 October 1949,,[],false,false,[],[],0,2026-07-02 15:04:27.133+00,2026-07-02 15:04:27.133+00
3997bf90-f550-4edb-883c-42ce34275db2,bd7d53fd-76e2-4330-ab15-0e0a432f7b68,0baae41f-7ed7-48c8-ac0d-8a5e187171c5,basic,When was the Three Antis Campaign launched?,November 1951,,[],false,false,[],[],24,2026-07-02 15:04:27.133+00,2026-07-02 15:04:27.133+00
8978790f-a3d9-4bcc-a5b6-ec649ebf54e2,bd7d53fd-76e2-4330-ab15-0e0a432f7b68,2f083a62-6e92-4f20-a9d9-ba0f78cf72bf,basic,Where do cellular reactions occur in bacterial cells?,On the inner cell membrane or in the cytoplasm,,[],false,false,[],[],13,2026-07-07 06:09:54.704+00,2026-07-07 06:09:54.704+00
09e349bf-4c3a-4fef-9546-ea9a933c957f,bd7d53fd-76e2-4330-ab15-0e0a432f7b68,e7adc0c0-4bfb-46db-ac01-27b6bf9ffe93,basic,Where does pigment first appear on a Siamese cat?,The coolest extremities (e.g. ear margins),,[],false,false,[],[],43,2026-07-07 06:10:44.321+00,2026-07-07 06:10:44.321+00
dd09e904-0732-4850-819b-7854f847e966,bd7d53fd-76e2-4330-ab15-0e0a432f7b68,5c703bdb-7cb7-424c-9746-9c659997b959,basic,Where does post-translational modification occur?,In the cytoplasm.,,[],false,false,[],[],40,2026-07-13 16:15:35.957+00,2026-07-13 16:15:35.957+00
be8ed1f5-d092-4961-8231-0e7fa7d633b1,bd7d53fd-76e2-4330-ab15-0e0a432f7b68,5c703bdb-7cb7-424c-9746-9c659997b959,basic,Where in the cell does translation take place?,At the ribosome.,,[],false,false,[],[],30,2026-07-13 16:15:35.957+00,2026-07-13 16:15:35.957+00
4a93529c-aeee-4d83-aa9e-3f6acaf0fd04,bd7d53fd-76e2-4330-ab15-0e0a432f7b68,2f083a62-6e92-4f20-a9d9-ba0f78cf72bf,basic,Where is an organism's genome physically stored?,In DNA molecules called chromosomes,,[],false,false,[],[],46,2026-07-07 06:09:54.704+00,2026-07-07 06:09:54.704+00
1bb0244a-c939-439c-a2a4-b422e808c7af,bd7d53fd-76e2-4330-ab15-0e0a432f7b68,2f083a62-6e92-4f20-a9d9-ba0f78cf72bf,basic,Where is bacterial DNA found?,One large circular chromosome and plasmids,,[],false,false,[],[],14,2026-07-07 06:09:54.704+00,2026-07-07 06:09:54.704+00
d582b5df-2785-4d1d-83dc-c357bbee4df2,bd7d53fd-76e2-4330-ab15-0e0a432f7b68,2f083a62-6e92-4f20-a9d9-ba0f78cf72bf,basic,Where is DNA found in eukaryotic cells besides the nucleus?,Mitochondria and chloroplasts,,[],false,false,[],[],36,2026-07-07 06:09:54.704+00,2026-07-07 06:09:54.704+00
318e04e0-365f-4c34-aaa5-02beb341a9ec,bd7d53fd-76e2-4330-ab15-0e0a432f7b68,0baae41f-7ed7-48c8-ac0d-8a5e187171c5,basic,Where was the border between North and South Korea set after Japan's surrender?,The 38th Parallel,,[],false,false,[],[],32,2026-07-02 15:04:27.133+00,2026-07-02 15:04:27.133+00
f73ce6f1-a21e-4db3-8e42-2a1f1d294c18,bd7d53fd-76e2-4330-ab15-0e0a432f7b68,2f083a62-6e92-4f20-a9d9-ba0f78cf72bf,basic,Which base replaces thymine in RNA?,Uracil,,[],false,false,[],[],27,2026-07-07 06:09:54.704+00,2026-07-07 06:09:54.704+00
455f81c7-ae0c-47bc-9013-79d6e2de179d,bd7d53fd-76e2-4330-ab15-0e0a432f7b68,2f083a62-6e92-4f20-a9d9-ba0f78cf72bf,basic,Which bases are pyrimidines?,"Cytosine, thymine (and uracil in RNA)",,[],false,false,[],[],31,2026-07-07 06:09:54.704+00,2026-07-07 06:09:54.704+00
c55f6115-b6ef-4911-9719-d77809b15a1f,bd7d53fd-76e2-4330-ab15-0e0a432f7b68,2f083a62-6e92-4f20-a9d9-ba0f78cf72bf,basic,Which bonds hold the two paired bases together in DNA?,Hydrogen bonds,,[],false,false,[],[],33,2026-07-07 06:09:54.704+00,2026-07-07 06:09:54.704+00
b13ef3b5-3a7b-4e30-bb8d-63d31a21c62b,bd7d53fd-76e2-4330-ab15-0e0a432f7b68,e7adc0c0-4bfb-46db-ac01-27b6bf9ffe93,basic,Which gene is responsible for cystic fibrosis,and on which chromosome?,,[],false,false,[],[],27,2026-07-07 06:10:44.321+00,2026-07-07 06:10:44.321+00
e6f7dc0c-60c6-4058-a6a2-3f6c161e2d6c,bd7d53fd-76e2-4330-ab15-0e0a432f7b68,0baae41f-7ed7-48c8-ac0d-8a5e187171c5,basic,Which powers occupied North and South Korea after Japan's surrender?,The Soviet Union occupied the north; the U.S. occupied the south,,[],false,false,[],[],33,2026-07-02 15:04:27.133+00,2026-07-02 15:04:27.133+00
f3c16ff1-96e6-4de3-85b3-4f03df4da855,bd7d53fd-76e2-4330-ab15-0e0a432f7b68,2f083a62-6e92-4f20-a9d9-ba0f78cf72bf,basic,Which sugar is found in DNA nucleotides?,Deoxyribose,,[],false,false,[],[],23,2026-07-07 06:09:54.704+00,2026-07-07 06:09:54.704+00
1fb2605c-bc7a-46e8-aa6a-87a1cd0c4112,bd7d53fd-76e2-4330-ab15-0e0a432f7b68,2f083a62-6e92-4f20-a9d9-ba0f78cf72bf,basic,Which sugar is found in RNA nucleotides?,Ribose,,[],false,false,[],[],24,2026-07-07 06:09:54.704+00,2026-07-07 06:09:54.704+00
8e56eeb0-0347-4ad8-8030-25b9d7935e77,bd7d53fd-76e2-4330-ab15-0e0a432f7b68,2f083a62-6e92-4f20-a9d9-ba0f78cf72bf,basic,Which two bases are purines?,Adenine and guanine,,[],false,false,[],[],29,2026-07-07 06:09:54.704+00,2026-07-07 06:09:54.704+00
249e6e24-76fd-42a6-a6ba-c4b3c7bc942a,bd7d53fd-76e2-4330-ab15-0e0a432f7b68,0baae41f-7ed7-48c8-ac0d-8a5e187171c5,basic,"Who became Premier of China, the third most powerful figure?",Zhou Enlai,,[],false,false,[],[],3,2026-07-02 15:04:27.133+00,2026-07-02 15:04:27.133+00
57f0f3e9-6f2d-4bb9-a6d4-735dd99c2ce7,bd7d53fd-76e2-4330-ab15-0e0a432f7b68,0baae41f-7ed7-48c8-ac0d-8a5e187171c5,basic,Who commanded the Chinese forces in Korea?,Peng Dehuai,,[],false,false,[],[],41,2026-07-02 15:04:27.133+00,2026-07-02 15:04:27.133+00
a29a86d1-6e4f-4f9e-9bc3-2df90404a3da,bd7d53fd-76e2-4330-ab15-0e0a432f7b68,0baae41f-7ed7-48c8-ac0d-8a5e187171c5,basic,Who did the Five Antis Campaign primarily target?,Industrialists and business owners seen as bourgeoisie capitalists,,[],false,false,[],[],28,2026-07-02 15:04:27.133+00,2026-07-02 15:04:27.133+00
49d1e57c-02a1-4eaf-85f1-61c4535f49ca,bd7d53fd-76e2-4330-ab15-0e0a432f7b68,0baae41f-7ed7-48c8-ac0d-8a5e187171c5,basic,Who encouraged Kim Il-Sung to invade South Korea?,Stalin,,[],false,false,[],[],35,2026-07-02 15:04:27.133+00,2026-07-02 15:04:27.133+00
cd560b8a-3029-491d-b00b-719d2f576499,bd7d53fd-76e2-4330-ab15-0e0a432f7b68,e7adc0c0-4bfb-46db-ac01-27b6bf9ffe93,basic,Who is regarded as the father of genetics?,Gregor Mendel,,[],false,false,[],[],0,2026-07-07 06:10:44.321+00,2026-07-07 06:10:44.321+00
5ba5db7a-581b-4822-8f50-5f091a590806,bd7d53fd-76e2-4330-ab15-0e0a432f7b68,0baae41f-7ed7-48c8-ac0d-8a5e187171c5,basic,Who was elected Chairman of the PRC and CCP in the new government?,Mao Zedong,,[],false,false,[],[],1,2026-07-02 15:04:27.133+00,2026-07-02 15:04:27.133+00
dc6b0a68-d245-4e17-a6fe-7660d921444f,bd7d53fd-76e2-4330-ab15-0e0a432f7b68,0baae41f-7ed7-48c8-ac0d-8a5e187171c5,basic,Who was elected Vice-Chairman of the new PRC government?,Liu Shaoqi,,[],false,false,[],[],2,2026-07-02 15:04:27.133+00,2026-07-02 15:04:27.133+00
dc681701-3f03-4621-b632-accee9d3c959,bd7d53fd-76e2-4330-ab15-0e0a432f7b68,0baae41f-7ed7-48c8-ac0d-8a5e187171c5,basic,Who were the CCP's biggest supporters during the Civil War?,The peasants,,[],false,false,[],[],9,2026-07-02 15:04:27.133+00,2026-07-02 15:04:27.133+00
b9c85faa-16a1-4649-9afc-a14f6d6d4706,bd7d53fd-76e2-4330-ab15-0e0a432f7b68,0baae41f-7ed7-48c8-ac0d-8a5e187171c5,basic,"Whose son died in the Korean War, and what does this signify?","Mao's son, Mao Anying — showing the personal cost of the war even to CCP leadership",,[],false,false,[],[],45,2026-07-02 15:04:27.133+00,2026-07-02 15:04:27.133+00
85325f44-d03f-47a4-a1e6-56e1d4411231,bd7d53fd-76e2-4330-ab15-0e0a432f7b68,e7adc0c0-4bfb-46db-ac01-27b6bf9ffe93,basic,Why are males hemizygous for X-linked genes?,They have only one X chromosome,,[],false,false,[],[],22,2026-07-07 06:10:44.321+00,2026-07-07 06:10:44.321+00
8ec9b74f-543d-4e26-9210-fc151346e025,bd7d53fd-76e2-4330-ab15-0e0a432f7b68,99d6888b-cfee-4164-8d82-7ffec9d21c46,basic,Why are neutral mutations hard to detect?,They produce little or no change in phenotype.,,[],false,false,[],[],10,2026-07-13 16:17:39.742+00,2026-07-13 16:17:39.742+00
63928a88-fdc8-4b83-8c1d-1ae96fcd003c,bd7d53fd-76e2-4330-ab15-0e0a432f7b68,5c703bdb-7cb7-424c-9746-9c659997b959,basic,Why are post-translational modifications important?,"They create proteins with varying functions, contributing to the proteome.",,[],false,false,[],[],42,2026-07-13 16:15:35.957+00,2026-07-13 16:15:35.957+00
c25a72e7-21be-40e0-a821-9d2e664feca1,bd7d53fd-76e2-4330-ab15-0e0a432f7b68,e7adc0c0-4bfb-46db-ac01-27b6bf9ffe93,basic,Why are Siamese kittens born white?,The uterine environment is too warm for the enzyme to produce pigment,,[],false,false,[],[],42,2026-07-07 06:10:44.321+00,2026-07-07 06:10:44.321+00
3d0a37b0-a4cb-4a9f-abca-4ef5c7405d5e,bd7d53fd-76e2-4330-ab15-0e0a432f7b68,5c703bdb-7cb7-424c-9746-9c659997b959,basic,Why can a single amino acid be coded for by different codons but a single codon only ever specifies one amino acid?,"The genetic code is degenerate, so redundancy exists in codon-to-amino-acid assignment without any ambiguity in the reverse direction.",,[],false,false,[],[],46,2026-07-13 16:15:35.957+00,2026-07-13 16:15:35.957+00
87c02c88-95f0-426c-928e-20bf6e0eeb8b,bd7d53fd-76e2-4330-ab15-0e0a432f7b68,e7adc0c0-4bfb-46db-ac01-27b6bf9ffe93,basic,Why can identical twins differ in appearance despite identical genotypes?,Environmental factors act differently during development,,[],false,false,[],[],35,2026-07-07 06:10:44.321+00,2026-07-07 06:10:44.321+00
6a6a250f-3a9e-4e50-a629-032a3bf105c2,bd7d53fd-76e2-4330-ab15-0e0a432f7b68,0baae41f-7ed7-48c8-ac0d-8a5e187171c5,basic,Why did Mao decide to intervene in Korea?,He was unwilling to let Korea fall to imperialist America and to secure the Sino-Korean border at the Yalu River,,[],false,false,[],[],40,2026-07-02 15:04:27.133+00,2026-07-02 15:04:27.133+00
4e9dbd38-eef1-41a4-9d24-db5aec57fc3f,bd7d53fd-76e2-4330-ab15-0e0a432f7b68,0baae41f-7ed7-48c8-ac0d-8a5e187171c5,basic,Why did Mao travel to Moscow in December 1949?,China lacked the strength/resources to build its power alone and needed Stalin's help,,[],false,false,[],[],5,2026-07-02 15:04:27.133+00,2026-07-02 15:04:27.133+00
5b29124e-d7d8-4f79-8fe2-0e9c7d312fbd,bd7d53fd-76e2-4330-ab15-0e0a432f7b68,e7adc0c0-4bfb-46db-ac01-27b6bf9ffe93,basic,Why do genetically identical cloned calves show different coat patterns?,Random pigment migration during embryonic development,,[],false,false,[],[],36,2026-07-07 06:10:44.321+00,2026-07-07 06:10:44.321+00
539abf33-d82e-4666-abb8-92fdb5bc7452,bd7d53fd-76e2-4330-ab15-0e0a432f7b68,99d6888b-cfee-4164-8d82-7ffec9d21c46,basic,Why do harmful mutations become evident in an organism?,They may alter the organism's survival capacity.,,[],false,false,[],[],2,2026-07-13 16:17:39.742+00,2026-07-13 16:17:39.742+00
517f4d2d-0e0d-40cf-b302-f8c1b1feb42b,bd7d53fd-76e2-4330-ab15-0e0a432f7b68,dfcc751d-6f9c-4265-adea-42f7e95b457a,basic,Why do the melting and boiling points of the Group 16 hydrides (excluding water) increase going down the group?,The strength of the dispersion forces between molecules increases as the molecules get larger.,,[],false,false,[],[],24,2026-07-13 16:41:28.963+00,2026-07-13 16:41:28.963+00
a4fe938c-61d6-42fd-9fea-873e1d7e168b,bd7d53fd-76e2-4330-ab15-0e0a432f7b68,e7adc0c0-4bfb-46db-ac01-27b6bf9ffe93,basic,Why does a heterozygous genotype show the dominant phenotype?,Only one dominant allele is needed for the trait to be expressed,,[],false,false,[],[],20,2026-07-07 06:10:44.321+00,2026-07-07 06:10:44.321+00
12dd5a13-b7fe-4255-b6fa-5ab114292853,bd7d53fd-76e2-4330-ab15-0e0a432f7b68,99d6888b-cfee-4164-8d82-7ffec9d21c46,basic,Why does a nonsense mutation generally have a more severe effect on protein function than a missense mutation?,"A nonsense mutation truncates the polypeptide chain, while a missense mutation only changes one amino acid, often leaving most of the protein intact.",,[],false,false,[],[],34,2026-07-13 16:17:39.742+00,2026-07-13 16:17:39.742+00
4ec711e3-b3fe-4eb4-9264-7b0b0252c87f,bd7d53fd-76e2-4330-ab15-0e0a432f7b68,2f083a62-6e92-4f20-a9d9-ba0f78cf72bf,basic,Why does each individual have two copies of every gene?,One chromosome is inherited from each parent,,[],false,false,[],[],43,2026-07-07 06:09:54.704+00,2026-07-07 06:09:54.704+00
150e8878-19e2-45ed-8358-20a0ffbe02f5,bd7d53fd-76e2-4330-ab15-0e0a432f7b68,dfcc751d-6f9c-4265-adea-42f7e95b457a,basic,Why does ice float on liquid water?,Hydrogen bonding causes ice to form a geometric arrangement that spaces water molecules further apart making it less dense than liquid water.,,[],false,false,[],[],33,2026-07-13 16:41:28.963+00,2026-07-13 16:41:28.963+00
e9b85103-e5f4-43c9-a003-44d27226a0c5,bd7d53fd-76e2-4330-ab15-0e0a432f7b68,dfcc751d-6f9c-4265-adea-42f7e95b457a,basic,Why does the temperature of a substance stay constant while it is changing state?,The heat energy absorbed is used to overcome intermolecular forces between molecules rather than to increase kinetic energy and temperature.,,[],false,false,[],[],43,2026-07-13 16:41:28.963+00,2026-07-13 16:41:28.963+00
180b9bd2-2841-4257-9f45-012090578e0a,bd7d53fd-76e2-4330-ab15-0e0a432f7b68,5c703bdb-7cb7-424c-9746-9c659997b959,basic,Why does translation initiation begin at the AUG codon?,Because the ribosome starts reading the mRNA once it reaches this start codon.,,[],false,false,[],[],35,2026-07-13 16:15:35.957+00,2026-07-13 16:15:35.957+00
bcb2fd94-36dd-432c-974a-5dc6efe6ef8e,bd7d53fd-76e2-4330-ab15-0e0a432f7b68,dfcc751d-6f9c-4265-adea-42f7e95b457a,basic,Why does water have a much higher boiling point than hydrogen sulfide even though both are Group 16 hydrides?,Water molecules are held together by hydrogen bonding while hydrogen sulfide molecules are only held together by weaker dispersion forces.,,[],false,false,[],[],21,2026-07-13 16:41:28.963+00,2026-07-13 16:41:28.963+00
f9194521-fd58-4efd-b9d5-f6b08d3fee56,bd7d53fd-76e2-4330-ab15-0e0a432f7b68,dfcc751d-6f9c-4265-adea-42f7e95b457a,basic,Why does water have a relatively high specific heat capacity?,Its strong hydrogen bonds require a large amount of energy to be absorbed and stored before the temperature can rise.,,[],false,false,[],[],26,2026-07-13 16:41:28.963+00,2026-07-13 16:41:28.963+00
3b7fe8be-0fcf-495e-85c1-c4aa1dad57d6,bd7d53fd-76e2-4330-ab15-0e0a432f7b68,dfcc751d-6f9c-4265-adea-42f7e95b457a,basic,Why does water require a relatively large amount of energy to change state?,Its strong hydrogen bonds require significant energy to disrupt and separate the molecules.,,[],false,false,[],[],18,2026-07-13 16:41:28.963+00,2026-07-13 16:41:28.963+00
41b8075e-6d3f-4edf-8cb4-1a442b670a69,bd7d53fd-76e2-4330-ab15-0e0a432f7b68,99d6888b-cfee-4164-8d82-7ffec9d21c46,basic,Why don't all changes in a DNA sequence result in a new amino acid sequence?,"Because of degeneracy in the genetic code, multiple codons can code for the same amino acid.",,[],false,false,[],[],19,2026-07-13 16:17:39.742+00,2026-07-13 16:17:39.742+00
359fbe5c-5e43-4252-803e-6678b1bce548,bd7d53fd-76e2-4330-ab15-0e0a432f7b68,5c703bdb-7cb7-424c-9746-9c659997b959,basic,Why is alternative splicing significant?,It allows a single gene to code for multiple different proteins.,,[],false,false,[],[],29,2026-07-13 16:15:35.957+00,2026-07-13 16:15:35.957+00
2213cef1-fd18-4821-ba3b-c3cb9c55ec94,bd7d53fd-76e2-4330-ab15-0e0a432f7b68,2f083a62-6e92-4f20-a9d9-ba0f78cf72bf,basic,Why is coiling DNA into compact chromosomes important during cell division?,Allows chromatids to separate without tangling,,[],false,false,[],[],7,2026-07-07 06:09:54.704+00,2026-07-07 06:09:54.704+00
563e5782-1e90-4602-bd69-1f34f6acf24f,bd7d53fd-76e2-4330-ab15-0e0a432f7b68,2f083a62-6e92-4f20-a9d9-ba0f78cf72bf,basic,Why is DNA described as double-stranded?,Two opposing nucleotide chains linked by hydrogen bonds between bases,,[],false,false,[],[],34,2026-07-07 06:09:54.704+00,2026-07-07 06:09:54.704+00
d496b023-2d57-4a02-91ed-ecaaf64ba42d,bd7d53fd-76e2-4330-ab15-0e0a432f7b68,2f083a62-6e92-4f20-a9d9-ba0f78cf72bf,basic,Why is it an advantage that DNA is negatively charged and histones are positively charged?,Opposite charges let histones bind DNA tightly for compact packaging,,[],false,false,[],[],47,2026-07-07 06:09:54.704+00,2026-07-07 06:09:54.704+00
23954c17-888e-4868-a2f9-4b09a2385a44,bd7d53fd-76e2-4330-ab15-0e0a432f7b68,dfcc751d-6f9c-4265-adea-42f7e95b457a,basic,Why is most of Earth's freshwater not readily accessible?,Most freshwater is locked up in ice and in the ground.,,[],false,false,[],[],9,2026-07-13 16:41:28.963+00,2026-07-13 16:41:28.963+00
8dd4f994-adda-4bcc-980a-28948c73c3bc,bd7d53fd-76e2-4330-ab15-0e0a432f7b68,e7adc0c0-4bfb-46db-ac01-27b6bf9ffe93,basic,Why is no allele assigned to the Y chromosome for X-linked genes?,That gene is not present on the Y chromosome,,[],false,false,[],[],25,2026-07-07 06:10:44.321+00,2026-07-07 06:10:44.321+00
2e5af6cc-0c90-4084-9719-c93a97c71da8,bd7d53fd-76e2-4330-ab15-0e0a432f7b68,99d6888b-cfee-4164-8d82-7ffec9d21c46,basic,Why is the protein produced after an insertion mutation usually non-functional?,The large-scale frame shift produces a grossly different amino acid sequence that is unlikely to have biological activity.,,[],false,false,[],[],28,2026-07-13 16:17:39.742+00,2026-07-13 16:17:39.742+00
cc3a033e-1d69-4903-85c6-d1ed53dcbe90,bd7d53fd-76e2-4330-ab15-0e0a432f7b68,dfcc751d-6f9c-4265-adea-42f7e95b457a,basic,Why is water described as a polar molecule?,It has a significantly uneven distribution of electronegativity between its oxygen and hydrogen atoms.,,[],false,false,[],[],15,2026-07-13 16:41:28.963+00,2026-07-13 16:41:28.963+00
bb777719-910c-46c2-a431-bb9db5bfe4f7,bd7d53fd-76e2-4330-ab15-0e0a432f7b68,dfcc751d-6f9c-4265-adea-42f7e95b457a,basic,Why is water's latent heat of vaporisation relatively high compared to molecules like hydrogen and oxygen?,Water's strong hydrogen bonds require much more energy to break during the change from liquid to gas.,,[],false,false,[],[],40,2026-07-13 16:41:28.963+00,2026-07-13 16:41:28.963+00
47798149-cd2c-4432-9e4e-6d257bee9eca,bd7d53fd-76e2-4330-ab15-0e0a432f7b68,dfcc751d-6f9c-4265-adea-42f7e95b457a,basic,Why is water's relatively high latent heat of vaporisation important for regulating ocean temperature and aquatic life?,It allows large amounts of heat energy to be absorbed or released during evaporation and condensation without large swings in ocean temperature.,,[],false,false,[],[],46,2026-07-13 16:41:28.963+00,2026-07-13 16:41:28.963+00
4e8d0b6d-206b-4617-a6bd-ce45e82ddf7d,bd7d53fd-76e2-4330-ab15-0e0a432f7b68,dfcc751d-6f9c-4265-adea-42f7e95b457a,basic,Why is water's relatively high latent heat of vaporisation significant for the water cycle?,It allows water to evaporate and condense at a stable rate helping to regulate the water cycle.,,[],false,false,[],[],45,2026-07-13 16:41:28.963+00,2026-07-13 16:41:28.963+00
ae6e663d-4442-4f79-a706-5dc9233a4965,bd7d53fd-76e2-4330-ab15-0e0a432f7b68,dfcc751d-6f9c-4265-adea-42f7e95b457a,basic,Why must a volume in mL be converted to a mass in grams before using E = mcΔT?,The equation requires mass not volume and the two are only equal for water at a density of 1 g/mL.,,[],false,false,[],[],31,2026-07-13 16:41:28.963+00,2026-07-13 16:41:28.963+00
cbbb45d9-4f21-4c6c-ae4c-ddf0fd365a0a,bd7d53fd-76e2-4330-ab15-0e0a432f7b68,5c703bdb-7cb7-424c-9746-9c659997b959,basic,"Why must pre-mRNA undergo splicing, capping and tailing before leaving the nucleus?","So that only mature, protected and coding mRNA is exported for translation in the cytoplasm.",,[],false,false,[],[],27,2026-07-13 16:15:35.957+00,2026-07-13 16:15:35.957+00
92118679-5cda-4db5-848c-f7a083451208,bd7d53fd-76e2-4330-ab15-0e0a432f7b68,0baae41f-7ed7-48c8-ac0d-8a5e187171c5,basic,Why was Mao initially met with little enthusiasm by Stalin in Moscow?,Stalin was still unhappy with Mao's refusal to work with the GMD,,[],false,false,[],[],8,2026-07-02 15:04:27.133+00,2026-07-02 15:04:27.133+00